{
    "ClientLoc.FindMatchingEnv.noEnvsFound": "[nSMR8][นั้Wë çøµlðñ't fïñð æñ ëñvïrøñmëñt thæt hæs thësë pæçkægës ïñstællëð. Wøµlð ÿøµ lïkë tø ïñstæll thë mïssïñg pæçkægë(s)?Ấğ倪İЂҰक्र्तिृまẤğ倪İЂҰक्र्तिृまẤğ倪İЂҰक्र्तिृまẤğ倪İนั้ढूँ]",
    "ClientLoc.FindMatchingEnv.scanningCancelled": "[fx5I4][นั้§çæññïñg çæñçëllëð.Ấğ倪İЂҰक्นั้ढूँ]",
    "ClientLoc.FindMatchingEnv.scanningInProgress": "[WBOjd][นั้§çæññïñg {0} ({1}/{2}) før pæçkægës µsëð ïñ thïs fïlë.Ấğ倪İЂҰक्र्तिृまẤğ倪İЂҰक्นั้ढूँ]",
    "ClientLoc.FindMatchingEnv.switchToEnv": "[RPWtY][นั้Wë føµñð '{0}' hæs thë pæçkægës µsëð ïñ thïs fïlë ælrëæðÿ ïñstællëð. Wøµlð ÿøµ lïkë tø swïtçh tø ït?Ấğ倪İЂҰक्र्तिृまẤğ倪İЂҰक्र्तिृまẤğ倪İЂҰक्र्तिृนั้ढूँ]",
    "ClientLoc.InstallMissingPkgs.placeholder": "[mA9bz][นั้§ëlëçt pæçkægës tø ïñstæll ïñ thë çµrrëñt ëñvïrøñmëñt.Ấğ倪İЂҰक्र्तिृまẤğ倪İЂҰक्นั้ढूँ]",
    "ClientLoc.InstallMissingPkgs.title": "[xq09b][นั้§ëlëçt pæçkægë(s) tø ïñstællẤğ倪İЂҰक्र्तिृนั้ढूँ]",
    "ClientLoc.ServerRestart.crashMessage": "[GRhB6][นั้Pylance hæs çræshëð.Ấğ倪İЂҰक्นั้ढूँ]",
    "ClientLoc.ServerRestart.crashRestartingMessage": "[uvnno][นั้Pylance hæs çræshëð. Pylance wïll rëstært whëñ ÿøµ sëlëçt æ Node.js ëxëçµtæþlë tø rµñ Pylance.Ấğ倪İЂҰक्र्तिृまẤğ倪İЂҰक्र्तिृまẤğ倪İЂҰक्र्นั้ढूँ]",
    "ClientLoc.ServerRestart.restartingMessage": "[Ssns7][นั้Rëstærtïñg Pylance µsïñg Node.jsẤğ倪İЂҰक्र्तिृนั้ढूँ]...",
    "ClientLoc.ServerRestart.selectButton": "[1abHz][นั้§ëlëçtẤğนั้ढूँ]",
    "ClientLoc.ServerRestart.selectNodeJsTitle": "[Kcjdp][นั้§ëlëçt Node.js ëxëçµtæþlë tø rµñ PylanceẤğ倪İЂҰक्र्तिृまẤğนั้ढूँ]",
    "ClientLoc.TroubleshootMissingImports.apiNotFound": "[OVz4w][นั้Thë Pÿthøñ Ëñvïrøñmëñts ëxtëñsïøñ ÆPÏs ærë ñøt ævæïlæþlë. Plëæsë mækë sµrë thë ëxtëñsïøñ ïs ïñstællëð æñð ëñæþlëð.Ấğ倪İЂҰक्र्तिृまẤğ倪İЂҰक्र्तिृまẤğ倪İЂҰक्र्तिृまẤğ倪İนั้ढूँ]",
    "ClientLoc.TroubleshootMissingImports.envExtensionRequired": "[q1uOM][นั้Thïs Qµïçk Fïx rëqµïrës thë Pÿthøñ Ëñvïrøñmëñts ëxtëñsïøñ tø þë ïñstællëð æñð ëñæþlëð.Ấğ倪İЂҰक्र्तिृまẤğ倪İЂҰक्र्तिृまẤğ倪İЂҰนั้ढूँ]",
    "ClientLoc.TroubleshootMissingImports.moduleNotFound": "[rn2ch][นั้Thë pæçkægë {0} ïs ïñstællëð, þµt thë møðµlë {1} mïght ñøt þë ævæïlæþlë. Ït mæÿ ñøt ëxïst ïñ thë ïñstællëð vërsïøñ ør mæÿ þë çrëætëð ðÿñæmïçællÿ æt rµñtïmë. Trÿ çhëçkïñg thë pæçkægë ðøçs ør µpðætïñg tø æ çømpætïþlë vërsïøñ.Ấğ倪İЂҰक्र्तिृまẤğ倪İЂҰक्र्तिृまẤğ倪İЂҰक्र्तिृまẤğ倪İЂҰक्र्तिृまẤğ倪İЂҰक्र्तिृまẤğ倪İЂҰक्र्तिृまẤğ倪İЂนั้ढूँ]",
    "ClientLoc.askNodeSafetyQuestion": "[qMXDj][นั้Pylance ïs çøñfïgµrëð tø rµñ wïth {0}. Ðø ÿøµ wæñt tø µsë thïs ëxëçµtæþlë tø rµñ Pylance?Ấğ倪İЂҰक्र्तिृまẤğ倪İЂҰक्र्तिृまẤğ倪İЂҰक्นั้ढूँ]",
    "ClientLoc.autoImportCompletionsStatusItem.name": "[2nqdQ][นั้Python Æµtø-Ïmpørt Çømplëtïøñs MøðëẤğ倪İЂҰक्र्तिृまนั้ढूँ]",
    "ClientLoc.autoImportCompletionsStatusItem.text": "[qX5J8][นั้Æµtø-Ïmpørt Çømplëtïøñs: {0}Ấğ倪İЂҰक्र्तिृนั้ढूँ]",
    "ClientLoc.autoImportCompletionsStatusItem.titleOff": "[qB7vJ][นั้§wïtçh tø øffẤğ倪İЂนั้ढूँ]",
    "ClientLoc.autoImportCompletionsStatusItem.titleOn": "[E9NzQ][นั้§wïtçh tø øñẤğ倪İЂนั้ढूँ]",
    "ClientLoc.copilotOutputChannelName": "[JxVSC][นั้Pylance Çøpïløt §ërvërẤğ倪İЂҰक्र्นั้ढूँ]",
    "ClientLoc.crashTooManyRestarts": "[LC2lT][นั้Pylance hæs çræshëð 5 tïmës ïñ thë læst 3 mïñµtës. Pylance wïll ñøt þë rëstærtëð. Plëæsë çhëçk [thïs lïñk](https://ækæ.ms/ÆÆpf7øx) før mørë ðëtæïls.Ấğ倪İЂҰक्र्तिृまẤğ倪İЂҰक्र्तिृまẤğ倪İЂҰक्र्तिृまẤğ倪İЂҰक्र्तिृまẤğ倪นั้ढूँ]",
    "ClientLoc.pylanceAndPythonPrereleaseExtensionMismatch": "[KbYOO][นั้Pylance æñð Python ëxtëñsïøñ hævë ïñçømpætïþlë shærëð ðëpëñðëñçïës.Ấğ倪İЂҰक्र्तिृまẤğ倪İЂҰक्र्तिृนั้ढूँ]\r\n[KbYOO][นั้Plëæsë mækë sµrë þøth ëxtëñsïøñs ærë thë lætëst prërëlëæsë vërsïøñ.Ấğ倪İЂҰक्र्तिृまẤğ倪İЂҰक्र्तिृนั้ढूँ]",
    "ClientLoc.pylanceAndPythonStableExtensionMismatch": "[378lX][นั้Pylance æñð Python ëxtëñsïøñ hævë ïñçømpætïþlë shærëð ðëpëñðëñçïës.Ấğ倪İЂҰक्र्तिृまẤğ倪İЂҰक्र्तिृนั้ढूँ]\r\n[378lX][นั้Plëæsë mækë sµrë þøth ëxtëñsïøñs ærë thë lætëst stæþlë vërsïøñ.Ấğ倪İЂҰक्र्तिृまẤğ倪İЂҰक्र्तिृนั้ढूँ]",
    "ClientLoc.typeCheckingModeStatusItem.name": "[A62km][นั้Python Tÿpë Çhëçkïñg MøðëẤğ倪İЂҰक्र्นั้ढूँ]",
    "ClientLoc.typeCheckingModeStatusItem.pickerPlaceholder": "[DI64B][นั้Çµrrëñt møðë: {0}. §ëlëçt thë tÿpë çhëçkïñg møðë.Ấğ倪İЂҰक्र्तिृまẤğ倪İЂҰนั้ढूँ]",
    "ClientLoc.typeCheckingModeStatusItem.pickerSettingsPage": "[kJRu5][นั้vïëw øñ sëttïñgs pægëẤğ倪İЂҰक्นั้ढूँ]",
    "ClientLoc.typeCheckingModeStatusItem.textFormatted": "[EG1nP][นั้Tÿpë Çhëçkïñg: {0}Ấğ倪İЂҰक्นั้ढूँ]",
    "ClientLoc.typeCheckingModeStatusItem.textFormattedFromConfig": "[rWrga][นั้Tÿpë Çhëçkïñg: {0} (frøm {1})Ấğ倪İЂҰक्र्तिृนั้ढूँ]",
    "ClientLoc.typeCheckingModeStatusItem.title": "[KA0d8][นั้§ëlëçt tÿpë çhëçkïñg møðëẤğ倪İЂҰक्र्นั้ढूँ]",
    "ClientLoc.typeCheckingModeStatusItem.titleConfig": "[juPaT][นั้Øpëñ çøñfïgẤğ倪İนั้ढूँ]",
    "ClientLoc.typeCheckingRecommendation.suggestionMessage": "[gB6pP][นั้Pylance hæs ðëtëçtëð tÿpë æññøtætïøñs ïñ ÿøµr çøðë æñð rëçømmëñðs ëñæþlïñg tÿpë çhëçkïñg. Wøµlð ÿøµ lïkë tø çhæñgë thïs sëttïñg?Ấğ倪İЂҰक्र्तिृまẤğ倪İЂҰक्र्तिृまẤğ倪İЂҰक्र्तिृまẤğ倪İЂҰक्र्นั้ढूँ]",
    "ClientLoc.updateSettingsErrorMsgFormatted": "[Avwss][นั้Fæïlëð tø µpðætë sëttïñg '{0}.{1}'.Ấğ倪İЂҰक्र्तिृまนั้ढूँ]",
    "Common.Help": "[1uIj1][นั้HëlpẤğนั้ढूँ]",
    "Common.No": "[35QoB][นั้ÑøẤนั้ढूँ]",
    "Common.Yes": "[XTuDW][นั้ÝësẤนั้ढूँ]",
    "Common.dismiss": "[WBZ6c][นั้ÐïsmïssẤğ倪นั้ढूँ]",
    "Common.learnMore": "[5oxH4][นั้£ëærñ mørëẤğ倪İนั้ढूँ]",
    "Common.reload": "[p0dRd][นั้RëløæðẤğนั้ढूँ]",
    "Common.remindMeLater": "[p0h2L][นั้Rëmïñð më lætërẤğ倪İЂҰนั้ढूँ]",
    "LanguageServer.settingsMigratedMessage": "[Pk88J][นั้§ëttïñgs æpplïçæþlë tø Microsoft Language Server wërë çøpïëð tø Pylance sëttïñgs. Plëæsë çhëçk settings.json fïlë(s) før ðëtæïls.Ấğ倪İЂҰक्र्तिृまẤğ倪İЂҰक्र्तिृまẤğ倪İЂҰक्र्तिृまẤğ倪İЂҰक्र्นั้ढूँ]",
    "LanguageServer.settingsMigrationError": "[g4ify][นั้Thë følløwïñg sëttïñgs çøµlð ñøt þë mïgrætëð:Ấğ倪İЂҰक्र्तिृまẤğ倪İนั้ढूँ]",
    "LanguageServer.settingsNotOverridable": "[jZbFn][นั้'{0}' çæññøt þë sët whëñ æ pyrightconfig.json ør pyproject.toml ïs þëïñg µsëð.Ấğ倪İЂҰक्र्तिृまẤğ倪İЂҰक्र्तिृまẤğ倪นั้ढूँ]",
    "Refactoring.MoveSymbol.newFileDetail": "[ctD3k][นั้Ëñtër pæth ør sëlëçt ðëstïñætïøñ fïlëẤğ倪İЂҰक्र्तिृまẤนั้ढूँ]",
    "Refactoring.MoveSymbol.newFileLabel": "[L5mUj][นั้Ëñtër ðëstïñætïøñ fïlë pæthẤğ倪İЂҰक्र्तिृนั้ढूँ]",
    "Refactoring.MoveSymbol.openDialogOpenLabel": "[XwPOc][นั้§ëlëçtẤğนั้ढूँ]",
    "Refactoring.MoveSymbol.openDialogTitle": "[syJNv][นั้§ëlëçt ñëw fïlë tø møvë thë sÿmþøl tøẤğ倪İЂҰक्र्तिृまẤนั้ढूँ]...",
    "Refactoring.MoveSymbol.progressBarTitle": "[V4PE4][นั้Møvë §ÿmþøl TøẤğ倪İЂҰนั้ढूँ]...",
    "Refactoring.MoveSymbol.quickPickPlaceHolder": "[0W10d][นั้§ëærçh ðëstïñætïøñ fïlëẤğ倪İЂҰक्र्นั้ढूँ]",
    "Refactoring.MoveSymbol.quickPickTitle": "[RKpr2][นั้§ëlëçt ðëstïñætïøñ før møvëẤğ倪İЂҰक्र्तिृนั้ढूँ]",
    "Refactoring.MoveSymbol.separatorText": "[CtlcG][นั้Ðëstïñætïøñ FïlësẤğ倪İЂҰक्นั้ढूँ]",
    "Refactoring.SearchImports.quickPickPlaceHolder": "[ZE607][นั้§ëærçh ïmpørtsẤğ倪İЂҰนั้ढूँ]",
    "Refactoring.SearchImports.quickPickTitle": "[qog8L][นั้§ëærçh æððïtïøñæl mætçhïñg ïmpørtsẤğ倪İЂҰक्र्तिृまนั้ढूँ]",
    "commands.pylance.docstrings.fold.title": "Pylance: [zHQ26][นั้Følð Æll ÐøçstrïñgsẤğ倪İЂҰक्นั้ढूँ]",
    "commands.pylance.docstrings.unfold.title": "Pylance: [oVyTM][นั้Üñfølð Æll ÐøçstrïñgsẤğ倪İЂҰक्นั้ढूँ]",
    "commands.pylance.gotoOutputChannel.title": "Pylance: [8NXvd][นั้Gø tø øµtpµt çhæññëlẤğ倪İЂҰक्นั้ढूँ]",
    "commands.pylance.indexing.clearPersistedIndices.title": "Pylance: [0Bin0][นั้Çlëær Æll Përsïstëð ÏñðïçësẤğ倪İЂҰक्र्तिृนั้ढूँ]",
    "commands.pylance.logging.start.title": "Pylance: [U2ACZ][นั้§tært £øggïñgẤğ倪İЂนั้ढूँ]",
    "commands.pylance.logging.stop.title": "Pylance: [391AE][นั้§tøp £øggïñgẤğ倪İЂนั้ढूँ]",
    "commands.pylance.profiling.start.title": "Pylance: [SUus3][นั้§tært PrøfïlïñgẤğ倪İЂҰนั้ढूँ]",
    "commands.pylance.profiling.stop.title": "Pylance: [n352q][นั้§tøp PrøfïlïñgẤğ倪İЂҰนั้ढूँ]",
    "commands.pylance.reportIssue.title": "Pylance: [SwWuu][นั้Rëpørt ÏssµëẤğ倪İЂนั้ढूँ]...",
    "commands.pylance.runCurrentFileInSandbox.title": "Pylance: [F2YOW][นั้Rµñ çµrrëñt fïlë ïñ sæñðþøxẤğ倪İЂҰक्र्तिृนั้ढूँ]",
    "settings.languageServerMode.default.description": "[zeEYY][นั้£ëævë Pylance wïth ðëfæµlt sëttïñgs.Ấğ倪İЂҰक्र्तिृまนั้ढूँ]",
    "settings.languageServerMode.description": "[XFFrS][นั้§ëlëçt æ prëðëfïñëð sët øf vælµës før sëttïñgs. Plëæsë çhëçk [thïs lïñk](https://ækæ.ms/læñgµægësërvër-møðë) før mørë ðëtæïls.Ấğ倪İЂҰक्र्तिृまẤğ倪İЂҰक्र्तिृまẤğ倪İЂҰक्र्तिृまẤğ倪İЂҰक्นั้ढूँ]",
    "settings.languageServerMode.full.description": "[UXw98][นั้Ëñæþlë møst Pylance fëætµrës þÿ ðëfæµlt. §ëë thë lïñk æt thë ðësçrïptïøñ tø fïñð øµt ëxæçtlÿ whæt sëttïñgs ærë sët tø whæt vælµë.Ấğ倪İЂҰक्र्तिृまẤğ倪İЂҰक्र्तिृまẤğ倪İЂҰक्र्तिृまẤğ倪İЂҰक्र्นั้ढूँ]",
    "settings.languageServerMode.light.description": "[3IN6X][นั้§ët Pylance tø ðø øñlÿ ëssëñtïæl wørk tø mækë ït lïght wëïght. §ëë thë lïñk æt thë ðësçrïptïøñ tø fïñð øµt ëxæçtlÿ whæt sëttïñgs ærë sët tø whæt vælµë.Ấğ倪İЂҰक्र्तिृまẤğ倪İЂҰक्र्तिृまẤğ倪İЂҰक्र्तिृまẤğ倪İЂҰक्र्तिृまẤğ倪İนั้ढूँ]",
    "settings.python.analysis.aiCodeActions.convertFormatString.description": "[SlBxe][นั้Ëñæþlë/ðïsæþlë ÆÏ æssïstæñçë før çøñvërtïñg strïñg çøñçætëñætïøñ tø f-strïñg ør førmæt().Ấğ倪İЂҰक्र्तिृまẤğ倪İЂҰक्र्तिृまẤğ倪İЂҰक्นั้ढूँ]",
    "settings.python.analysis.aiCodeActions.convertLambdaToNamedFunction.description": "[OEYc6][นั้Ëñæþlë/ðïsæþlë ÆÏ æssïstæñçë før çøñvërtïñg læmþðæs tø ñæmëð fµñçtïøñs.Ấğ倪İЂҰक्र्तिृまẤğ倪İЂҰक्र्तिृまนั้ढूँ]",
    "settings.python.analysis.aiCodeActions.description": "[hHGXa][นั้Ëñæþlë/ðïsæþlë ÆÏ-æssïstëð çøðë æçtïøñs. Rëqµïrës thë Copilot Chat ëxtëñsïøñ tø þë ëñæþlëð.Ấğ倪İЂҰक्र्तिृまẤğ倪İЂҰक्र्तिृまẤğ倪İЂҰक्นั้ढूँ]",
    "settings.python.analysis.aiCodeActions.generateDocstring.description": "[7cLfq][นั้Ëñæþlë/ðïsæþlë ÆÏ æssïstæñçë før gëñërætïñg rë§trµçtµrëðTëxt docstrings. Trïggër wïth çøðë æçtïøñ ïñsïðë ëmptÿ docstrings.Ấğ倪İЂҰक्र्तिृまẤğ倪İЂҰक्र्तिृまẤğ倪İЂҰक्र्तिृまẤğ倪İЂҰक्นั้ढूँ]",
    "settings.python.analysis.aiCodeActions.generateSymbol.description": "[04cJa][นั้Ëñæþlë/ðïsæþlë ÆÏ æssïstæñçë før gëñërætïñg sÿmþøl sµçh æs çlæss, fµñçtïøñ æñð værïæþlë.Ấğ倪İЂҰक्र्तिृまẤğ倪İЂҰक्र्तिृまẤğ倪İЂҰक्นั้ढूँ]",
    "settings.python.analysis.aiCodeActions.implementAbstractClasses.description": "[pS6Jt][นั้Ëñæþlë/ðïsæþlë ÆÏ æssïstæñçë før ïmplëmëñtïñg ïñhërïtëð æþstræçt çlæssës.Ấğ倪İЂҰक्र्तिृまẤğ倪İЂҰक्र्तिृまẤนั้ढूँ]",
    "settings.python.analysis.aiHoverSummaries.description": "[bwZ0t][นั้Ëñæþlë/ðïsæþlë ÆÏ æssïstæñçë tø shøw çøpïløt-gëñërætëð sµmmærïës ïñ thë høvër tøøltïp. Thïs fëætµrë rëqµïrës æ GïtHµþ Çøpïløt Prø ør Prø+ sµþsçrïptïøñ.Ấğ倪İЂҰक्र्तिृまẤğ倪İЂҰक्र्तिृまẤğ倪İЂҰक्र्तिृまẤğ倪İЂҰक्र्तिृまẤğ倪İนั้ढूँ]",
    "settings.python.analysis.autoFormatStrings.description.message": "[sSZKg][นั้Whëñ tÿpïñg æ `{` ïñ æ strïñg, æµtømætïçællÿ prëfïx thë strïñg wïth æñ `f`.Ấğ倪İЂҰक्र्तिृまẤğ倪İЂҰक्र्तिृまẤğนั้ढूँ]",
    "settings.python.analysis.autoImportCompletions.description": "[BYp9z][นั้Ëñæþlë æµtø-ïmpørt çømplëtïøñs.Ấğ倪İЂҰक्र्तिृนั้ढूँ]",
    "settings.python.analysis.autoIndent.description": "[GjulD][นั้Æµtømætïçællÿ æðjµst ïñðëñtætïøñ þæsëð øñ læñgµægë sëmæñtïçs whëñ tÿpïñg Python çøðë.Ấğ倪İЂҰक्र्तिृまẤğ倪İЂҰक्र्तिृまẤğ倪İЂҰนั้ढूँ]",
    "settings.python.analysis.autoSearchPaths.description": "[QrEa7][นั้Æµtømætïçællÿ æðð çømmøñ sëærçh pæths lïkë `src`.Ấğ倪İЂҰक्र्तिृまẤğ倪İЂҰนั้ढूँ]",
    "settings.python.analysis.autoSplitStrings.description": "[4NZF2][นั้Æµtømætïçællÿ æðð qµøtë æñð lïñë çøñtïñµætïøñ çhæræçtërs whëñ splïttïñg strïñgs.Ấğ倪İЂҰक्र्तिृまẤğ倪İЂҰक्र्तिृまẤğ倪İนั้ढूँ]",
    "settings.python.analysis.cacheLSPData.description": "[J238E][นั้Çæçhë LSP ðætæ før fæstër çømplëtïøñs. Ấğ倪İЂҰक्र्तिृまẤğนั้ढूँ]\r\n\r\n[J238E][นั้[Ëxpërïmëñtæl] mæÿ çæµsë Pylance tø støp wørkïñg.Ấğ倪İЂҰक्र्तिृまẤğ倪İЂҰนั้ढूँ]",
    "settings.python.analysis.completeFunctionParens.description": "[X31QM][นั้Æðð pærëñthësës tø fµñçtïøñ çømplëtïøñs.Ấğ倪İЂҰक्र्तिृまẤğนั้ढूँ]",
    "settings.python.analysis.diagnosticMode.description": "[aAma4][นั้Æñælÿsïs sçøpë før shøwïñg ðïægñøstïçs.Ấğ倪İЂҰक्र्तिृまẤğนั้ढूँ]",
    "settings.python.analysis.diagnosticSeverityOverrides.description": "[5fzs9][นั้Ælløws æ µsër tø øvërrïðë thë sëvërïtÿ lëvëls før ïñðïvïðµæl ðïægñøstïçs. Ấğ倪İЂҰक्र्तिृまẤğ倪İЂҰक्र्तिृまẤğนั้ढूँ]\r\n\r\n[5fzs9][นั้Üsë thë rµlë ñæmë æs æ këÿ æñð øñë øf `error`, `warning`, `information`, `none`, `true` (ælïæs før `error`) ør `false` (ælïæs før `none`) æs vælµë. Thë ðëfæµlt vælµë shøwñ før ëæçh ðïægñøstïç ïs thë ðëfæµlt whëñ #python.analysis.typeCheckingMode# ïs sët tø `øff`. §ëë [hërë](https://gïthµþ.çøm/mïçrøsøft/pÿrïght/þløþ/mæïñ/ðøçs/çøñfïgµrætïøñ.mð#ðïægñøstïç-rµlë-ðëfæµlts) før ðëfæµlts før ëæçh tÿpë çhëçkïñg møðë (`øff`, `þæsïç` æñð `strïçt`).Ấğ倪İЂҰक्र्तिृまẤğ倪İЂҰक्र्तिृまẤğ倪İЂҰक्र्तिृまẤğ倪İЂҰक्र्तिृまẤğ倪İЂҰक्र्तिृまẤğ倪İЂҰक्र्तिृまẤğ倪İЂҰक्र्तिृまẤğ倪İЂҰक्र्तिृまẤğ倪İЂҰक्र्तिृまẤğ倪İЂҰक्र्तिृまẤğ倪İЂҰक्र्तिृまẤğ倪İЂҰक्र्तिृまẤğ倪İЂҰक्นั้ढूँ]",
    "settings.python.analysis.diagnosticsSource.description": "[dUG52][นั้Ælløws spëçïfÿïñg æ ðïffërëñt læñgµægë sërvër tø µsë før ðïægñøstïçs. Pÿlæñçë wïll çømþïñë ïts rësµlts wïth thïs øthër sërvër.Ấğ倪İЂҰक्र्तिृまẤğ倪İЂҰक्र्तिृまẤğ倪İЂҰक्र्तिृまẤğ倪İЂҰक्นั้ढूँ]",
    "settings.python.analysis.diagnosticsSource.mypy.description": "[gpCbN][นั้Üsë mÿpÿ før ðïægñøstïçs. Rëqµïrës thë [Mÿpÿ tÿpë çhëçkër ëxtëñsïøñ](https://mærkëtplæçë.vïsµælstµðïø.çøm/ïtëms?ïtëmÑæmë=ms-pÿthøñ.mÿpÿ-tÿpë-çhëçkër) tø þë ïñstællëð.Ấğ倪İЂҰक्र्तिृまẤğ倪İЂҰक्र्तिृまẤğ倪İЂҰक्र्तिृまẤğ倪İЂҰक्र्तिृまẤğ倪İЂҰक्र्นั้ढूँ]",
    "settings.python.analysis.diagnosticsSource.pylance.description": "[w3LNa][นั้Üsë Pÿlæñçë før ðïægñøstïçs. (ðëfæµlt)Ấğ倪İЂҰक्र्तिृまẤนั้ढूँ]",
    "settings.python.analysis.diagnosticsSource.pyright.description": "[DZYEL][นั้Üsë Pÿrïght før ðïægñøstïçs. Ælløws rµññïñg æ ðïffërëñt Pÿrïght thæñ thë øñë shïppëð wïth thë Pÿlæñçë ëxtëñsïøñ.Ấğ倪İЂҰक्र्तिृまẤğ倪İЂҰक्र्तिृまẤğ倪İЂҰक्र्तिृまẤğ倪นั้ढूँ]",
    "settings.python.analysis.diagnosticsSource.ruff.description": "[D2l7O][นั้Üsë Rµff før ðïægñøstïçs. Rëqµïrës thë [Rµff ëxtëñsïøñ](https://mærkëtplæçë.vïsµælstµðïø.çøm/ïtëms?ïtëmÑæmë=çhærlïërmærsh.rµff) tø þë ïñstællëð.Ấğ倪İЂҰक्र्तिृまẤğ倪İЂҰक्र्तिृまẤğ倪İЂҰक्र्तिृまẤğ倪İЂҰक्र्तिृまẤğนั้ढूँ]",
    "settings.python.analysis.disableTaggedHints.description": "[A3U1B][นั้Ðïsæþlë hïñt ðïægñøstïçs wïth spëçïæl hïñts før græÿëð-øµt ør strïkë-thrøµgh tëxt.Ấğ倪İЂҰक्र्तिृまẤğ倪İЂҰक्र्तिृまẤğ倪İЂนั้ढूँ]",
    "settings.python.analysis.displayEnglishDiagnostics.description": "[6u2JH][นั้Ðïsplæÿ ðïægñøstïçs ïñ Ëñglïsh rëgærðlëss øf V§ Çøðë's ðïsplæÿ læñgµægë.Ấğ倪İЂҰक्र्तिृまẤğ倪İЂҰक्र्तिृまẤนั้ढूँ]",
    "settings.python.analysis.enableAsyncProgram.description": "[MJLKt][นั้Ëñæþlë/ðïsæþlë æsÿñç çømmµñïçætïøñ wïth ïñtërñæl Tÿpë §ërvër. Før ïñtërñæl µsë øñlÿ, mæÿ çæµsë Pÿlæñçë tø støp wørkïñg.Ấğ倪İЂҰक्र्तिृまẤğ倪İЂҰक्र्तिृまẤğ倪İЂҰक्र्तिृまẤğ倪İЂҰนั้ढूँ]",
    "settings.python.analysis.enableColorPicker.description": "[1s66T][นั้Ëñæþlë/ðïsæþlë çølør pïçkër ïñ thë ëðïtør før '#RRGGßß' æñð '#RRGGßßÆÆ' strïñgs.Ấğ倪İЂҰक्र्तिृまẤğ倪İЂҰक्र्तिृまẤğ倪İนั้ढूँ]",
    "settings.python.analysis.enableCompactContext.description": "[sFZ45][นั้Ëñæþlë/ðïsæþlë ëxpërïmëñtæl çøñtëxt. Før ïñtërñæl µsë øñlÿ, mæÿ çæµsë Pÿlæñçë tø støp wørkïñg.Ấğ倪İЂҰक्र्तिृまẤğ倪İЂҰक्र्तिृまẤğ倪İЂҰक्र्นั้ढूँ]",
    "settings.python.analysis.enableEditableInstalls.description": "[jHKYQ][นั้Ëñæþlë sµppørt før ëðïtæþlë ïñstælls øf pæçkægës æs ðësçrïþëð ïñ [PËP 660](https://pëps.pÿthøñ.ørg/pëp-0660/) whëñ µsïñg Pÿthøñ 3.13 æñð hïghër. Ấğ倪İЂҰक्र्तिृまẤğ倪İЂҰक्र्तिृまẤğ倪İЂҰक्र्तिृまẤğ倪İЂҰक्र्तिृまẤğนั้ढूँ]\r\n\r\n[jHKYQ][นั้[Ëxpërïmëñtæl]. Før ïñtërñæl µsë øñlÿ, mæÿ çæµsë Pÿlæñçë tø støp wørkïñg.Ấğ倪İЂҰक्र्तिृまẤğ倪İЂҰक्र्तिृまẤนั้ढूँ]",
    "settings.python.analysis.enablePerfTelemetry.description": "[KvlGA][นั้Ëñæþlës ïñtërñæl përf tëlëmëtrÿ ïf tëlëmëtrÿ ïs ëñæþlëð ïñ V§ Çøðë.Ấğ倪İЂҰक्र्तिृまẤğ倪İЂҰक्र्तिृนั้ढूँ]",
    "settings.python.analysis.enablePrecomputeContext.description": "[GxQQk][นั้Ëñæþlë/ðïsæþlë ëxpërïmëñtæl prëçømpµtë çøñtëxt. Før ïñtërñæl µsë øñlÿ, mæÿ çæµsë Pÿlæñçë tø støp wørkïñg.Ấğ倪İЂҰक्र्तिृまẤğ倪İЂҰक्र्तिृまẤğ倪İЂҰक्र्तिृまนั้ढूँ]",
    "settings.python.analysis.enablePytestSupport.description": "[BoZy6][นั้Ëñæþlës pytest sµppørt ïñ Pylance.Ấğ倪İЂҰक्र्तिृまนั้ढूँ]",
    "settings.python.analysis.enableSnippetExtraTelemetry.description": "[0aLY2][นั้Ëñæþlë/ðïsæþlë ëxtræ tëlëmëtrÿ før rµññïñg çøðë sñïppëts. Før ïñtërñæl µsë øñlÿ, mæÿ çæµsë Pÿlæñçë tø støp wørkïñg.Ấğ倪İЂҰक्र्तिृまẤğ倪İЂҰक्र्तिृまẤğ倪İЂҰक्र्तिृまẤğ倪İนั้ढूँ]",
    "settings.python.analysis.enableTroubleshootMissingImports.description": "[2KeWa][นั้Ëñæþlë/ðïsæþlë thë Qµïçk Fïx før trøµþlëshøøtïñg mïssïñg ïmpørts. Thïs Qµïçk Fïx rëqµïrës thë Pÿthøñ Ëñvïrøñmëñts ëxtëñsïøñ tø þë ïñstællëð æñð ëñæþlëð.Ấğ倪İЂҰक्र्तिृまẤğ倪İЂҰक्र्तिृまẤğ倪İЂҰक्र्तिृまẤğ倪İЂҰक्र्तिृまẤğ倪İЂนั้ढूँ]",
    "settings.python.analysis.exclude.description": "[aNhX6][นั้Pæths øf ðïrëçtørïës ør fïlës thæt shøµlð ñøt þë ïñçlµðëð. Thësë øvërrïðë thë ïñçlµðë ðïrëçtørïës, ælløwïñg spëçïfïç sµþðïrëçtørïës tø þë ëxçlµðëð. Ấğ倪İЂҰक्र्तिृまẤğ倪İЂҰक्र्तिृまẤğ倪İЂҰक्र्तिृまẤğ倪İЂҰक्र्तिृまẤğ倪นั้ढूँ]\r\n\r\n[aNhX6][นั้Ñøtë thæt fïlës ïñ thë ëxçlµðë pæths mæÿ stïll þë ïñçlµðëð ïñ thë æñælÿsïs ïf thëÿ ærë rëfërëñçëð (ïmpørtëð) þÿ søµrçë fïlës thæt ærë ñøt ëxçlµðëð. Ấğ倪İЂҰक्र्तिृまẤğ倪İЂҰक्र्तिृまẤğ倪İЂҰक्र्तिृまẤğ倪İЂҰक्र्तिृまẤğ倪นั้ढूँ]\r\n\r\n[aNhX6][นั้Pæths mæÿ çøñtæïñ wïlðçærð çhæræçtërs `**` (æ ðïrëçtørÿ ør mµltïplë lëvëls øf ðïrëçtørïës), `*` (æ sëqµëñçë øf zërø ør mørë çhæræçtërs), ør `?` (æ sïñglë çhæræçtër). Ấğ倪İЂҰक्र्तिृまẤğ倪İЂҰक्र्तिृまẤğ倪İЂҰक्र्तिृまẤğ倪İЂҰक्र्तिृまẤğ倪İЂҰक्र्นั้ढूँ]\r\n\r\n[aNhX6][นั้Ïf ñø ëxçlµðë pæths ærë spëçïfïëð, Pylance æµtømætïçællÿ ëxçlµðës thë følløwïñg: `**/node_modules`, `**/__pycache__`, `.git` æñð æñÿ vïrtµæl ëñvïrøñmëñt ðïrëçtørïës. Ïf thë pæth çøñtæïñs æ `${workspaceFolder:<workspaceName>}` værïæþlë, thë glob pættërñ wïll øñlÿ æpplÿ tø thë çørrëspøñðïñg wørkspæçë ïñ æ mµltï-røøt wørkspæçë ëñvïrøñmëñt.Ấğ倪İЂҰक्र्तिृまẤğ倪İЂҰक्र्तिृまẤğ倪İЂҰक्र्तिृまẤğ倪İЂҰक्र्तिृまẤğ倪İЂҰक्र्तिृまẤğ倪İЂҰक्र्तिृまẤğ倪İЂҰक्र्तिृまẤğ倪İЂҰक्र्तिृまẤğ倪İЂҰक्र्तिृまẤğ倪İЂҰक्र्นั้ढूँ]",
    "settings.python.analysis.extraCommitChars.description": "[V6hdt][นั้Ælløw µsïñg '.', '(' æs çømmït çhæræçtërs whëñ æpplïçæþlë.Ấğ倪İЂҰक्र्तिृまẤğ倪İЂҰक्र्นั้ढूँ]",
    "settings.python.analysis.extraPaths.description": "[rtdG2][นั้Æððïtïøñæl ïmpørt sëærçh rësølµtïøñ pæthsẤğ倪İЂҰक्र्तिृまẤğนั้ढूँ]",
    "settings.python.analysis.findRefsInBackgroundThread.description": "[GjkuI][นั้Ëñæþlë/ðïsæþlë rµññïñg Fïñð Æll Rëfërëñçës øñ thë þæçkgrøµñð thrëæð. Før ïñtërñæl µsë øñlÿ, mæÿ çæµsë Pÿlæñçë tø støp wørkïñg.Ấğ倪İЂҰक्र्तिृまẤğ倪İЂҰक्र्तिृまẤğ倪İЂҰक्र्तिृまẤğ倪İЂҰक्นั้ढूँ]",
    "settings.python.analysis.fixAll.description": "[pTxy1][นั้søµrçë fïxës tø rµñ ïñ fïx æll.Ấğ倪İЂҰक्र्तिृนั้ढूँ]",
    "settings.python.analysis.generateWithTypeAnnotation.description": "[uNCup][นั้Æðð tÿpë æññøtætïøñs whëñ gëñërætïñg çøðë. Ðëfæµlts tø `fælsë` før tÿpë çhëçkïñg møðë `øff`, æñð `trµë` før øthër møðës.Ấğ倪İЂҰक्र्तिृまẤğ倪İЂҰक्र्तिृまẤğ倪İЂҰक्र्तिृまẤğ倪İЂҰนั้ढूँ]",
    "settings.python.analysis.gotoDefinitionInStringLiteral.description": "[baH3x][นั้Før strïñg lïtëræls thæt løøk lïkë møðµlë ñæmës, ëñæþlës gø tø ðëfïñïtïøñ tø gø tø thë møðµlë.Ấğ倪İЂҰक्र्तिृまẤğ倪İЂҰक्र्तिृまẤğ倪İЂҰक्र्นั้ढूँ]",
    "settings.python.analysis.ignore.description": "[Hv1mb][นั้Pæths øf ðïrëçtørïës ør fïlës whøsë ðïægñøstïç øµtpµt (ërrørs æñð wærñïñgs) shøµlð þë sµpprëssëð ëvëñ ïf thëÿ ærë æñ ïñçlµðëð fïlë ør wïthïñ thë træñsïtïvë çløsµrë øf æñ ïñçlµðëð fïlë. Ấğ倪İЂҰक्र्तिृまẤğ倪İЂҰक्र्तिृまẤğ倪İЂҰक्र्तिृまẤğ倪İЂҰक्र्तिृまẤğ倪İЂҰक्र्तिृまẤğ倪İนั้ढूँ]\r\n\r\n[Hv1mb][นั้Pæths mæÿ çøñtæïñ wïlðçærð çhæræçtërs `**` (æ ðïrëçtørÿ ør mµltïplë lëvëls øf ðïrëçtørïës), `*` (æ sëqµëñçë øf zërø ør mørë çhæræçtërs), ør `?` (æ sïñglë çhæræçtër). Ấğ倪İЂҰक्र्तिृまẤğ倪İЂҰक्र्तिृまẤğ倪İЂҰक्र्तिृまẤğ倪İЂҰक्र्तिृまẤğ倪İЂҰक्र्นั้ढूँ]\r\n\r\n[Hv1mb][นั้Ïf thë pæth çøñtæïñs æ `${workspaceFolder:<workspaceName>}` værïæþlë, thë glob pættërñ wïll øñlÿ æpplÿ tø thë çørrëspøñðïñg wørkspæçë ïñ æ mµltï-røøt wørkspæçë ëñvïrøñmëñt.Ấğ倪İЂҰक्र्तिृまẤğ倪İЂҰक्र्तिृまẤğ倪İЂҰक्र्तिृまẤğ倪İЂҰक्र्तिृまẤğ倪İЂҰक्र्तिृนั้ढूँ]",
    "settings.python.analysis.importFormat.description": "[1etoy][นั้Ðëfïñës thë ðëfæµlt førmæt før ïmpørtïñg møðµlës.Ấğ倪İЂҰक्र्तिृまẤğ倪İЂҰนั้ढूँ]",
    "settings.python.analysis.include.description": "[RTB01][นั้Pæths øf ðïrëçtørïës ør fïlës thæt shøµlð þë ïñçlµðëð. Ïf ñø pæths ærë spëçïfïëð, Pylance ðëfæµlts tø thë wørkspæçë røøt ðïrëçtørÿ. Ấğ倪İЂҰक्र्तिृまẤğ倪İЂҰक्र्तिृまẤğ倪İЂҰक्र्तिृまẤğ倪İЂҰक्र्तिृนั้ढूँ]\r\n\r\n[RTB01][นั้Pæths mæÿ çøñtæïñ wïlðçærð çhæræçtërs `**` (æ ðïrëçtørÿ ør mµltïplë lëvëls øf ðïrëçtørïës), `*` (æ sëqµëñçë øf zërø ør mørë çhæræçtërs), ør `?` (æ sïñglë çhæræçtër). Ấğ倪İЂҰक्र्तिृまẤğ倪İЂҰक्र्तिृまẤğ倪İЂҰक्र्तिृまẤğ倪İЂҰक्र्तिृまẤğ倪İЂҰक्र्นั้ढूँ]\r\n\r\n[RTB01][นั้Ïf thë pæth çøñtæïñs æ `${workspaceFolder:<workspaceName>}` værïæþlë, thë glob pættërñ wïll øñlÿ æpplÿ tø thë çørrëspøñðïñg wørkspæçë ïñ æ mµltï-røøt wørkspæçë ëñvïrøñmëñt.Ấğ倪İЂҰक्र्तिृまẤğ倪İЂҰक्र्तिृまẤğ倪İЂҰक्र्तिृまẤğ倪İЂҰक्र्तिृまẤğ倪İЂҰक्र्तिृนั้ढूँ]",
    "settings.python.analysis.includeAliasesFromUserFiles.description": "[IG98g][นั้Ïñçlµðë ælïæs sÿmþøls frøm µsër fïlës. Thïs wïll mækë ælïæs sÿmþøls tø shøw µp ïñ fëætµrës sµçh æs `æðð ïmpørt`, `æµtø ïmpørt`Ấğ倪İЂҰक्र्तिृまẤğ倪İЂҰक्र्तिृまẤğ倪İЂҰक्र्तिृまẤğ倪İЂҰक्นั้ढूँ]",
    "settings.python.analysis.indexing.description": "[KQtMd][นั้Ëñæþlë ïñðëxïñg øf ïñstællëð thïrð pærtÿ lïþrærïës æñð µsër fïlës før læñgµægë fëætµrës sµçh æs æµtø-ïmpørt, æðð ïmpørt, wørkspæçë sÿmþøls æñð ëtç.Ấğ倪İЂҰक्र्तिृまẤğ倪İЂҰक्र्तिृまẤğ倪İЂҰक्र्तिृまẤğ倪İЂҰक्र्तिृまẤğ倪นั้ढूँ]",
    "settings.python.analysis.inlayHints.callArgumentNames.description": "[P2fxV][นั้Ëñæþlë/ðïsæþlë ïñlæÿ hïñts før çæll ærgµmëñt ñæmës:\r\n```python\r\ndatetime('year='2019, 'month='10, 'day='27)\r\n```\r\nẤğ倪İЂҰक्र्तिृまẤğ倪İЂҰक्र्तिृまẤğ倪İЂҰक्र्तिृまẤğนั้ढूँ]",
    "settings.python.analysis.inlayHints.functionReturnTypes.description": "[exdBp][นั้Ëñæþlë/ðïsæþlë ïñlæÿ hïñts før fµñçtïøñ rëtµrñ tÿpës:\r\n```python\r\ndef foo(x:int) '-> int':\r\n\treturn x\r\n```\r\nẤğ倪İЂҰक्र्तिृまẤğ倪İЂҰक्र्तिृまẤğ倪İЂҰक्र्तिृนั้ढूँ]",
    "settings.python.analysis.inlayHints.pytestParameters.description": "[2PZEB][นั้Ëñæþlë/ðïsæþlë ïñlæÿ hïñts før pÿtëst fµñçtïøñ pæræmëtër tÿpës:\r\n```python\r\ndef test_foo(my_fixture: 'str'):\r\n\tassert(my_fixture == 'foo')\r\n```\r\nẤğ倪İЂҰक्र्तिृまẤğ倪İЂҰक्र्तिृまẤğ倪İЂҰक्र्तिृまẤğ倪İЂҰक्र्तिृまนั้ढूँ]",
    "settings.python.analysis.inlayHints.variableTypes.description": "[cmEbd][นั้Ëñæþlë/ðïsæþlë ïñlæÿ hïñts før værïæþlë tÿpës. Hïñts ærë ñøt ðïsplæÿëð før æssïgñmëñts øf lïtëræls ør çøñstæñts:\r\n```python\r\nfoo':list[str]' = [\"a\"]\r\n \r\n```\r\nẤğ倪İЂҰक्र्तिृまẤğ倪İЂҰक्र्तिृまẤğ倪İЂҰक्र्तिृまẤğ倪İЂҰक्र्तिृまẤğ倪İЂนั้ढूँ]",
    "settings.python.analysis.logLevel.description": "[Sxq3o][นั้§pëçïfïës thë lëvël øf løggïñg før thë Øµtpµt pæñëlẤğ倪İЂҰक्र्तिृまẤğ倪İЂҰนั้ढूँ]",
    "settings.python.analysis.nodeArguments.description": "[kseBs][นั้Ëxtræ ærgµmëñts tø pæss tø æ Node.js ëxëçµtæþlë tø µsë før rµññïñg thë læñgµægë sërvër whëñ `pÿthøñ.æñælÿsïs.ñøðëËxëçµtæþlë` ïs sët. Ðëfæµlt ïs `--max_old_space_size=8192`.Ấğ倪İЂҰक्र्तिृまẤğ倪İЂҰक्र्तिृまẤğ倪İЂҰक्र्तिृまẤğ倪İЂҰक्र्तिृまẤğ倪İЂҰक्र्तिृนั้ढूँ]",
    "settings.python.analysis.nodeExecutable.description": "[MYzN4][นั้Pæth tø æ Node.js ëxëçµtæþlë tø µsë før rµññïñg thë læñgµægë sërvër. Ïf ñøt spëçïfïëð, thë læñgµægë sërvër wïll µsë thë Node.js ëxëçµtæþlë thæt shïps wïth VS Code. Ïf sët tø \"æµtø\", ït wïll æµtømætïçællÿ ðøwñløæð æ vërsïøñ frøm [ñøðëjs](https://ñøðëjs.ørg/ðïst/). §ët thïs øptïøñ ïf ÿøµ'rë hævïñg trøµþlë wïth Pylance rµññïñg øµt øf mëmørÿ. §ëë [hërë](https://ækæ.ms/ÆÆpf7øx) før mørë ïñførmætïøñ.Ấğ倪İЂҰक्र्तिृまẤğ倪İЂҰक्र्तिृまẤğ倪İЂҰक्र्तिृまẤğ倪İЂҰक्र्तिृまẤğ倪İЂҰक्र्तिृまẤğ倪İЂҰक्र्तिृまẤğ倪İЂҰक्र्तिृまẤğ倪İЂҰक्र्तिृまẤğ倪İЂҰक्र्तिृまẤğ倪İЂҰक्र्तिृまẤğ倪İЂҰक्र्तिृまẤğ倪İЂนั้ढूँ]",
    "settings.python.analysis.packageIndexDepths.description": "[XRr5s][นั้Üsëð tø øvërrïðë høw mæñÿ lëvëls µñðër ïñstællëð pæçkægës tø ïñðëx øñ æ për pæçkægë þæsïs. ßÿ ðëfæµlt, øñlÿ tøp-lëvël møðµlës ærë ïñðëxëð (depth = 1). Tø ïñðëx sµþmøðµlës, ïñçrëæsë depth þÿ 1 før ëæçh lëvël øf sµþmøðµlë ÿøµ wæñt tø ïñðëx. Æççëptëð vælµës ærë:\r\n```JSON\r\n{\"name\": \"package name (str)\",\r\n \"depth\": \"depth to scan (int)\",\r\n \"includeAllSymbols\": \"whether to include all symbols (bool)\"}\r\n\r\n```\r\nÏf `includeAllSymbols` ïs sët tø `false`, øñlÿ sÿmþøls ïñ ëæçh pæçkægë's `__all__` ærë ïñçlµðëð. Whëñ ït's sët tø `true`, Pylance wïll ïñðëx ëvërÿ møðµlë/tøp lëvël sÿmþøl ðëçlærætïøñs ïñ thë fïlë.  Ấğ倪İЂҰक्र्तिृまẤğ倪İЂҰक्र्तिृまẤğ倪İЂҰक्र्तिृまẤğ倪İЂҰक्र्तिृまẤğ倪İЂҰक्र्तिृまẤğ倪İЂҰक्र्तिृまẤğ倪İЂҰक्र्तिृまẤğ倪İЂҰक्र्तिृまẤğ倪İЂҰक्र्तिृまẤğ倪İЂҰक्र्तिृまẤğ倪İЂҰक्र्तिृまẤğ倪İЂҰक्र्तिृまẤğ倪İЂҰक्र्तिृまẤğ倪İЂҰक्र्तिृまẤğ倪İЂҰक्र्तिृまẤğ倪İЂҰक्र्तिृまẤğ倪İЂҰक्र्तिृまẤนั้ढूँ]\r\n[XRr5s][นั้  Ấนั้ढूँ]\r\n[XRr5s][นั้Üsægë ëxæmplë: Ấğ倪İЂҰนั้ढूँ]\r\n[XRr5s][นั้```JSON\r\n[\r\n\t{\"name\": \"sklearn\", \"depth\": 2, \"includeAllSymbols\": true},\r\n\t{\"name\": \"matplotlib\", \"depth\": 3, \"includeAllSymbols\": false}\r\n]\r\n\r\n```\r\nẤğ倪İЂҰक्र्तिृまẤğ倪İЂҰक्र्तिृまẤğ倪İЂҰक्र्तिृまẤğ倪İЂҰक्र्तिृまẤนั้ढूँ]",
    "settings.python.analysis.persistAllIndices.description": "[w9P65][นั้Ïñðïçës før æll thïrð pærtÿ lïþrærïës wïll þë përsïstëð tø ðïsk.Ấğ倪İЂҰक्र्तिृまẤğ倪İЂҰक्र्तिृนั้ढूँ]",
    "settings.python.analysis.pyrightVersion.description": "[S5rzi][นั้§pëçïfïës thë vërsïøñ øf Pÿrïght tø µsë før ðïægñøstïçs. Mïñïmµm vælµë ælløwëð ïs 1.1.397. Thïs sëttïñg ïs øñlÿ µsëð whëñ `pÿthøñ.æñælÿsïs.ðïægñøstïçs§øµrçë` ïs sët tø `Pÿrïght`. Ấğ倪İЂҰक्र्तिृまẤğ倪İЂҰक्र्तिृまẤğ倪İЂҰक्र्तिृまẤğ倪İЂҰक्र्तिृまẤğ倪İЂҰक्र्तिृまẤğนั้ढूँ]\r\n\r\n[S5rzi][นั้Thïs vælµë çæñ þë øñë øfẤğ倪İЂҰक्र्นั้ढूँ]\r\n[S5rzi][นั้- Vërsïøñ strïñg = ï.ë. 1.1.397Ấğ倪İЂҰक्र्तिृนั้ढूँ]\r\n[S5rzi][นั้- Pæth tø æ løçæl pÿrïght-læñgsërvër.js fïlë (whïçh ælsø hæs tø çømë frøm æt lëæst 1.1.397 ør hïghër).Ấğ倪İЂҰक्र्तिृまẤğ倪İЂҰक्र्तिृまẤğ倪İЂҰक्र्तिृนั้ढूँ]",
    "settings.python.analysis.regenerateStdLibIndices.description": "[MRT7p][นั้Ïñstëæð øf rëlÿïñg øñ thë shærëð stdlib.json ïñðïçës før æll Python vërsïøñs, gëñërætë µñïqµë ïñðïçës tæïlørëð tø ëæçh wørkspæçë's spëçïfïç Python vërsïøñ æñð plætførm. Thïs rëgëñërætïøñ prøçëss wïll æffëçt përførmæñçë, µñlïkë µsïñg thë prëþµïlt stdlib ïñðïçës.Ấğ倪İЂҰक्र्तिृまẤğ倪İЂҰक्र्तिृまẤğ倪İЂҰक्र्तिृまẤğ倪İЂҰक्र्तिृまẤğ倪İЂҰक्र्तिृまẤğ倪İЂҰक्र्तिृまẤğ倪İЂҰक्र्तिृまẤğ倪İЂҰนั้ढूँ]",
    "settings.python.analysis.reportExtraTelemetry.description": "[qS30q][นั้Rëpørt ëxtræ tëlëmëtrÿ [Ëxpërïmëñtæl]. Før ïñtërñæl µsë øñlÿ, mæÿ çæµsë Pylance tø sløw ðøwñ.Ấğ倪İЂҰक्र्तिृまẤğ倪İЂҰक्र्तिृまẤğ倪İЂҰक्र्นั้ढूँ]",
    "settings.python.analysis.showOnlyDirectDependenciesInAutoImport.description": "[VVDi0][นั้§høw øñlÿ ðïrëçt ðëpëñðëñçïës ðëçlærëð ïñ `rëqµïrëmëñts.txt` ør `pÿprøjëçt.tøml` ïñ `æµtø ïmpørt` sµggëstïøñs, ïf thëÿ ëxïst. Thïs øñlÿ æffëçts `æµtø ïmpørt` før çømplëtïøñs. Thë `æðð ïmpørt` çøðë æçtïøñ wïll çøñtïñµë tø shøw æll pøssïþlë ïmpørts.Ấğ倪İЂҰक्र्तिृまẤğ倪İЂҰक्र्तिृまẤğ倪İЂҰक्र्तिृまẤğ倪İЂҰक्र्तिृまẤğ倪İЂҰक्र्तिृまẤğ倪İЂҰक्र्तिृまẤğ倪İЂҰक्र्तिृまẤนั้ढूँ]",
    "settings.python.analysis.stubPath.description": "[1lCIq][นั้Pæth tø ðïrëçtørÿ çøñtæïñïñg çµstøm tÿpë stµþ fïlës.Ấğ倪İЂҰक्र्तिृまẤğ倪İЂҰक्นั้ढूँ]",
    "settings.python.analysis.supportAllPythonDocuments.description": "[WooHb][นั้Ëñæþlë/ðïsæþlë sµppørt før æll Python ðøçµmëñts. Thïs ëñæþlës Pylance ïñtëllïsëñsë ïñ øthër ðøçµmëñts, lïkë thë tërmïñæl ør ðïff vïëws. Ấğ倪İЂҰक्र्तिृまẤğ倪İЂҰक्र्तिृまẤğ倪İЂҰक्र्तिृまẤğ倪İЂҰक्र्तिृนั้ढूँ]\r\n\r\n[WooHb][นั้[Ëxpërïmëñtæl]. Før ïñtërñæl µsë øñlÿ, mæÿ çæµsë Pylance tø støp wørkïñg.Ấğ倪İЂҰक्र्तिृまẤğ倪İЂҰक्र्तिृまẤนั้ढूँ]",
    "settings.python.analysis.supportDocstringTemplate.description": "[WpGBM][นั้Ëñæþlë/ðïsæþlë rë§trµçtµrëðTëxt ðøçstrïñg gëñërætïøñ. Tëmplætës æppëær æftër tÿpïñg øpëñïñg trïplë qµøtës ør vïæ çøðë æçtïøñ ïñsïðë ëmptÿ ðøçstrïñgs.Ấğ倪İЂҰक्र्तिृまẤğ倪İЂҰक्र्तिृまẤğ倪İЂҰक्र्तिृまẤğ倪İЂҰक्र्तिृまẤğ倪İนั้ढूँ]",
    "settings.python.analysis.supportRestructuredText.description": "[74x7m][นั้Ëñæþlë/ðïsæþlë sµppørt før reStructuredText ïñ docstrings.Ấğ倪İЂҰक्र्तिृまẤğ倪İЂҰक्र्นั้ढूँ]",
    "settings.python.analysis.typeEvaluation.analyzeUnannotatedFunctions.description": "[m1Ev8][นั้Æñælÿzë æñð rëpørt ërrørs før fµñçtïøñs æñð mëthøðs thæt hævë ñø tÿpë æññøtætïøñs før ïñpµt pæræmëtërs ør rëtµrñ tÿpës. Thë ðëfæµlt vælµë før thïs sëttïñg ïs `true`.Ấğ倪İЂҰक्र्तिृまẤğ倪İЂҰक्र्तिृまẤğ倪İЂҰक्र्तिृまẤğ倪İЂҰक्र्तिृまẤğ倪İЂҰक्र्นั้ढूँ]",
    "settings.python.analysis.typeEvaluation.deprecateTypingAliases.description": "[MQRgE][นั้[PEP 585](https://pëps.pÿthøñ.ørg/pëp-0585) ïñðïçætës thæt ælïæsës tø tÿpës ïñ stæñðærð çøllëçtïøñs thæt wërë ïñtrøðµçëð sølëlÿ tø sµppørt gëñërïçs ærë ðëprëçætëð æs øf Pÿthøñ 3.9. Thïs swïtçh çøñtrøls whëthër thësë ærë trëætëð æs ðëprëçætëð. Thïs æpplïës øñlÿ whëñ pythonVersion ïs 3.9 ør ñëwër. Thë ðëfæµlt vælµë før thïs sëttïñg ïs `false` þµt mæÿ þë swïtçhëð tø `true` ïñ thë fµtµrë.Ấğ倪İЂҰक्र्तिृまẤğ倪İЂҰक्र्तिृまẤğ倪İЂҰक्र्तिृまẤğ倪İЂҰक्र्तिृまẤğ倪İЂҰक्र्तिृまẤğ倪İЂҰक्र्तिृまẤğ倪İЂҰक्र्तिृまẤğ倪İЂҰक्र्तिृまẤğ倪İЂҰक्र्तिृまẤğ倪İЂҰक्र्तिृまẤğ倪İЂҰक्र्तिृまẤนั้ढूँ]",
    "settings.python.analysis.typeEvaluation.disableBytesTypePromotions.description": "[tl0hx][นั้Ðïsæþlës lëgæçÿ þëhævïør whërë `bytearray` æñð `memoryview` ærë çøñsïðërëð sµþtÿpës øf `bytes`. [PEP 688](https://pëps.pÿthøñ.ørg/pëp-0688/#ñø-spëçïæl-mëæñïñg-før-þÿtës) ðëprëçætës thïs þëhævïør, þµt thïs swïtçh ïs prøvïðëð tø rëstørë thë ølðër þëhævïør. Thë ðëfæµlt vælµë før thïs sëttïñg ïs `false`.Ấğ倪İЂҰक्र्तिृまẤğ倪İЂҰक्र्तिृまẤğ倪İЂҰक्र्तिृまẤğ倪İЂҰक्र्तिृまẤğ倪İЂҰक्र्तिृまẤğ倪İЂҰक्र्तिृまẤğ倪İЂҰक्र्तिृまẤğ倪İЂҰक्र्तिृまẤğ倪İЂҰक्นั้ढूँ]",
    "settings.python.analysis.typeEvaluation.enableExperimentalFeatures.description": "[I1P4J][นั้Ëñæþlës æ sët øf ëxpërïmëñtæl (møstlÿ µñðøçµmëñtëð) fëætµrës thæt çørrëspøñð tø prøpøsëð ør ëxplørætørÿ çhæñgës tø thë Python tÿpïñg stæñðærð. Thësë fëætµrës wïll lïkëlÿ çhæñgë ør þë rëmøvëð, sø thëÿ shøµlð ñøt þë µsëð ëxçëpt før ëxpërïmëñtætïøñ pµrpøsës. Thë ðëfæµlt vælµë før thïs sëttïñg ïs `false`.Ấğ倪İЂҰक्र्तिृまẤğ倪İЂҰक्र्तिृまẤğ倪İЂҰक्र्तिृまẤğ倪İЂҰक्र्तिृまẤğ倪İЂҰक्र्तिृまẤğ倪İЂҰक्र्तिृまẤğ倪İЂҰक्र्तिृまẤğ倪İЂҰक्र्तिृまẤğ倪İЂҰक्र्นั้ढूँ]",
    "settings.python.analysis.typeEvaluation.enableReachabilityAnalysis.description": "[cASAo][นั้Ïf ëñæþlëð, çøðë thæt ïs ðëtërmïñëð tø þë µñrëæçhæþlë þÿ tÿpë æñælÿsïs ïs rëpørtëð µsïñg æ tæggëð hïñt. Thïs sëttïñg ðøës ñøt æffëçt çøðë thæt ïs ðëtërmïñëð tø þë µñrëæçhæþlë rëgærðlëss øf tÿpë æñælÿsïs; sµçh çøðë ïs ælwæÿs rëpørtëð æs µñrëæçhæþlë. Thïs sëttïñg ælsø hæs ñø ëffëçt whëñ whëñ µsïñg thë çømmæñð-lïñë vërsïøñ øf pyright þëçæµsë ït ñëvër ëmïts tæggëð hïñts før µñrëæçhæþlë çøðë.Ấğ倪İЂҰक्र्तिृまẤğ倪İЂҰक्र्तिृまẤğ倪İЂҰक्र्तिृまẤğ倪İЂҰक्र्तिृまẤğ倪İЂҰक्र्तिृまẤğ倪İЂҰक्र्तिृまẤğ倪İЂҰक्र्तिृまẤğ倪İЂҰक्र्तिृまẤğ倪İЂҰक्र्तिृまẤğ倪İЂҰक्र्तिृまẤğ倪İЂҰक्र्तिृまẤğนั้ढूँ]",
    "settings.python.analysis.typeEvaluation.enableTypeIgnoreComments.description": "[m3h5Q][นั้[PEP 484](https://pëps.pÿthøñ.ørg/pëp-0484) ðëfïñës sµppørt før `# type: ignore` çømmëñts. Thïs swïtçh ëñæþlës ør ðïsæþlës sµppørt før thësë çømmëñts. Thë ðëfæµlt vælµë før thïs sëttïñg ïs `true`. Thïs ðøës ñøt æffëçt `# pyright: ignore` çømmëñts.Ấğ倪İЂҰक्र्तिृまẤğ倪İЂҰक्र्तिृまẤğ倪İЂҰक्र्तिृまẤğ倪İЂҰक्र्तिृまẤğ倪İЂҰक्र्तिृまẤğ倪İЂҰक्र्तिृまẤğ倪İЂҰक्र्तिृまẤนั้ढूँ]",
    "settings.python.analysis.typeEvaluation.strictDictionaryInference.description": "[cUlJ7][นั้Whëñ ïñfërrïñg thë tÿpë øf æ ðïçtïøñærÿ’s këÿs æñð vælµës, µsë strïçt tÿpë æssµmptïøñs. Før ëxæmplë, thë ëxprëssïøñ Ấğ倪İЂҰक्र्तिृまẤğ倪İЂҰक्र्तिृまẤğ倪İЂҰक्र्तिृまẤğ倪İนั้ढूँ]\r\n\r\n[cUlJ7][นั้```pÿthøñẤğ倪İนั้ढूँ]\r\n[cUlJ7][นั้{'æ': 1, 'þ': 'æ'}Ấğ倪İЂҰक्นั้ढूँ]\r\n[cUlJ7][นั้```Ấนั้ढूँ]\r\n[cUlJ7][นั้ çøµlð þë ïñfërrëð tø þë øf tÿpë `dict[str, Any]` ør `dict[str, int | str]`. Ïf thïs sëttïñg ïs true, ït wïll µsë thë lættër (strïçtër) tÿpë. Thë ðëfæµlt vælµë før thïs sëttïñg ïs `false`.Ấğ倪İЂҰक्र्तिृまẤğ倪İЂҰक्र्तिृまẤğ倪İЂҰक्र्तिृまẤğ倪İЂҰक्र्तिृまẤğ倪İЂҰक्र्तिृまẤğ倪İЂนั้ढूँ]",
    "settings.python.analysis.typeEvaluation.strictListInference.description": "[x5wU4][นั้Whëñ ïñfërrïñg thë tÿpë øf æ list, µsë strïçt tÿpë æssµmptïøñs. Før ëxæmplë, thë ëxprëssïøñ Ấğ倪İЂҰक्र्तिृまẤğ倪İЂҰक्र्तिृまẤğ倪İЂҰक्र्นั้ढूँ]\r\n\r\n[x5wU4][นั้```pÿthøñẤğ倪İนั้ढूँ]\r\n[x5wU4][นั้[1, 'æ', 3.4]Ấğ倪İЂนั้ढूँ]\r\n[x5wU4][นั้```Ấนั้ढूँ]\r\n[x5wU4][นั้ çøµlð þë ïñfërrëð tø þë øf tÿpë `list[Any]` ør `list[int | str | float]`. Ïf thïs sëttïñg ïs true, ït wïll µsë thë lættër (strïçtër) tÿpë. Thë ðëfæµlt vælµë før thïs sëttïñg ïs `false`.Ấğ倪İЂҰक्र्तिृまẤğ倪İЂҰक्र्तिृまẤğ倪İЂҰक्र्तिृまẤğ倪İЂҰक्र्तिृまẤğ倪İЂҰक्र्तिृまẤğ倪İนั้ढूँ]",
    "settings.python.analysis.typeEvaluation.strictParameterNoneValue.description": "[JQj0l][นั้[PEP 484](https://pëps.pÿthøñ.ørg/pëp-0484) ïñðïçætës thæt whëñ æ fµñçtïøñ pæræmëtër ïs æssïgñëð æ ðëfæµlt vælµë øf None, ïts tÿpë shøµlð ïmplïçïtlÿ þë Optional ëvëñ ïf thë ëxplïçït tÿpë ïs ñøt. Whëñ ëñæþlëð, thïs rµlë rëqµïrës thæt pæræmëtër tÿpë æññøtætïøñs µsë Optional ëxplïçïtlÿ ïñ thïs çæsë. Thë ðëfæµlt vælµë før thïs sëttïñg ïs `true`.Ấğ倪İЂҰक्र्तिृまẤğ倪İЂҰक्र्तिृまẤğ倪İЂҰक्र्तिृまẤğ倪İЂҰक्र्तिृまẤğ倪İЂҰक्र्तिृまẤğ倪İЂҰक्र्तिृまẤğ倪İЂҰक्र्तिृまẤğ倪İЂҰक्र्तिृまẤğ倪İЂҰक्र्तिृまẤğ倪İЂҰक्र्तिृนั้ढूँ]",
    "settings.python.analysis.typeEvaluation.strictSetInference.description": "[BuFyt][นั้Whëñ ïñfërrïñg thë tÿpë øf æ set, µsë strïçt tÿpë æssµmptïøñs. Før ëxæmplë, thë ëxprëssïøñ Ấğ倪İЂҰक्र्तिृまẤğ倪İЂҰक्र्तिृまẤğ倪İЂҰक्นั้ढूँ]\r\n\r\n[BuFyt][นั้```pÿthøñẤğ倪İนั้ढूँ]\r\n[BuFyt][นั้{1, 'æ', 3.4}Ấğ倪İЂนั้ढूँ]\r\n[BuFyt][นั้```Ấนั้ढूँ]\r\n[BuFyt][นั้ çøµlð þë ïñfërrëð tø þë øf tÿpë `set[Any]` ør `set[int | str | float]`. Ïf thïs settïñg ïs true, ït wïll µsë thë lættër (strïçtër) tÿpë. Thë ðëfæµlt vælµë før thïs settïñg ïs `false`.Ấğ倪İЂҰक्र्तिृまẤğ倪İЂҰक्र्तिृまẤğ倪İЂҰक्र्तिृまẤğ倪İЂҰक्र्तिृまẤğ倪İЂҰक्र्तिृまẤğ倪İนั้ढूँ]",
    "settings.python.analysis.typeServerArguments.description": "[XJ53h][นั้Ærgµmëñts tø pæss tø thë tÿpë sërvër. Før ïñtërñæl µsë øñlÿ, mæÿ çæµsë Pÿlæñçë tø støp wørkïñg.Ấğ倪İЂҰक्र्तिृまẤğ倪İЂҰक्र्तिृまẤğ倪İЂҰक्र्นั้ढूँ]",
    "settings.python.analysis.typeServerExecutable.description": "[E6efM][นั้Pæth tø æ çµstøm tÿpë sërvër. Før ïñtërñæl µsë øñlÿ, mæÿ çæµsë Pÿlæñçë tø støp wørkïñg.Ấğ倪İЂҰक्र्तिृまẤğ倪İЂҰक्र्तिृまẤğ倪İЂҰक्นั้ढूँ]",
    "settings.python.analysis.typecheckingMode.description": "[GpHVn][นั้Ðëfïñës thë ðëfæµlt rµlë sët før tÿpë çhëçkïñg.Ấğ倪İЂҰक्र्तिृまẤğ倪İЂนั้ढूँ]",
    "settings.python.analysis.typeshedPaths.description": "[xob5D][นั้Pæths tø løøk før typeshed møðµlës.Ấğ倪İЂҰक्र्तिृまนั้ढूँ]",
    "settings.python.analysis.useLibraryCodeForTypes.description": "[CvcrD][นั้Üsë lïþrærÿ ïmplëmëñtætïøñs tø ëxtræçt tÿpë ïñførmætïøñ whëñ tÿpë stµþ ïs ñøt prësëñt.Ấğ倪İЂҰक्र्तिृまẤğ倪İЂҰक्र्तिृまẤğ倪İЂҰนั้ढूँ]",
    "settings.python.analysis.usePullDiagnostics.description": "[19TBj][นั้Ëñæþlë/ðïsæþlë sµppørt før pµllïñg ðïægñøstïçs frøm Pÿlæñçë (ïñstëæð øf Pÿlæñçë pµshïñg thëm). Ấğ倪İЂҰक्र्तिृまẤğ倪İЂҰक्र्तिृまẤğ倪İЂҰक्र्นั้ढूँ]\r\n\r\n[19TBj][นั้[Ëxpërïmëñtæl], mæÿ çæµsë ðïægñøstïçs tø ñøt æppëær.Ấğ倪İЂҰक्र्तिृまẤğ倪İЂҰक्นั้ढूँ]",
    "settings.python.analysis.userFileIndexingLimit.description": "[rerGO][นั้Mæxïmµm ñµmþër øf µsër fïlës tø ïñðëx ïñ thë wørkspæçë. Ïñðëxïñg fïlës ïs æ përførmæñçë-ïñtëñsïvë tæsk. Plëæsë µsë thïs sëttïñg tø lïmït thë ñµmþër øf fïlës ÿøµ wæñt µs tø ïñðëx. Ïf ÿøµ ëñtër -1, wë wïll ïñðëx æll fïlës.Ấğ倪İЂҰक्र्तिृまẤğ倪İЂҰक्र्तिृまẤğ倪İЂҰक्र्तिृまẤğ倪İЂҰक्र्तिृまẤğ倪İЂҰक्र्तिृまẤğ倪İЂҰक्र्तिृまẤğ倪İนั้ढूँ]",
    "settings.typecheckingMode.basic.description": "[YaYid][นั้Æll rµlës frøm `off` + `basic` tÿpë çhëçkïñg rµlës.Ấğ倪İЂҰक्र्तिृまẤğ倪İЂҰนั้ढूँ]",
    "settings.typecheckingMode.compare.description": "[zOglr][นั้Tÿpë çhëçkïñg møðës Basic, Standard, æñð Strict :Ấğ倪İЂҰक्र्तिृまẤğ倪İЂҰนั้ढूँ]\r\n\r\n[zOglr][นั้| Fëætµrë                                  | Basic | Standard | Strict |Ấğ倪İЂҰक्र्तिृまẤğ倪İЂҰक्र्तिृまẤนั้ढूँ]\r\n[zOglr][นั้|------------------------------------------|:-----:|:--------:|:------:|Ấğ倪İЂҰक्र्तिृまẤğ倪İЂҰक्र्तिृまẤนั้ढूँ]\r\n[zOglr][นั้| Værïæþlë tÿpë mïsmætçhës                 |   ✅   |    ✅     |   ✅   |Ấğ倪İЂҰक्र्तिृまẤğ倪İЂҰक्र्तिृまนั้ढूँ]\r\n[zOglr][นั้| Fµñçtïøñ rëtµrñ tÿpë çhëçks              |   ✅   |    ✅     |   ✅   |Ấğ倪İЂҰक्र्तिृまẤğ倪İЂҰक्र्तिृまนั้ढूँ]\r\n[zOglr][นั้| Tÿpë ñærrøwïñg ëñførçëmëñt               |       |    ✅     |   ✅   |Ấğ倪İЂҰक्र्तिृまẤğ倪İЂҰक्र्तिृまนั้ढूँ]\r\n[zOglr][นั้| Çhëçkïñg øf `Any` tÿpë                   |       |    ✅     |   ✅   |Ấğ倪İЂҰक्र्तिृまẤğ倪İЂҰक्र्तिृまนั้ढूँ]\r\n[zOglr][นั้| Prïvætë/prøtëçtëð æççëss çhëçks          |       |    ✅     |   ✅   |Ấğ倪İЂҰक्र्तिृまẤğ倪İЂҰक्र्तिृまนั้ढूँ]\r\n[zOglr][นั้| Ëñførçës strïçtër gëñërïçs µsægë         |       |    ✅     |   ✅   |Ấğ倪İЂҰक्र्तिृまẤğ倪İЂҰक्र्तिृまนั้ढूँ]\r\n[zOglr][นั้| Rëpørts mïssïñg tÿpë æññøtætïøñs         |       |          |   ✅   |Ấğ倪İЂҰक्र्तिृまẤğ倪İЂҰक्र्तिृまนั้ढूँ]\r\n[zOglr][นั้| Ðïsælløws `Any` tÿpë µsægë               |       |          |   ✅   |Ấğ倪İЂҰक्र्तिृまẤğ倪İЂҰक्र्तिृまนั้ढूँ]\r\n[zOglr][นั้| Rëqµïrës strïçt tÿpë çømpætïþïlïtÿ       |       |          |   ✅   |Ấğ倪İЂҰक्र्तिृまẤğ倪İЂҰक्र्तिृまนั้ढूँ]\r\n[zOglr][นั้| Ëñførçës çømplëtë tÿpë çøvërægë          |       |          |   ✅   |Ấğ倪İЂҰक्र्तिृまẤğ倪İЂҰक्र्तिृまนั้ढूँ]\r\n\r\n[zOglr][นั้Før mørë ðëtæïls, çhëçk thë [Pyright documentation](https://microsoft.github.io/pyright/#/configuration?id=type-check-diagnostics-settings).Ấğ倪İЂҰक्र्तिृまẤğ倪İЂҰक्र्तिृまẤğ倪İЂҰक्र्तिृまẤğ倪İЂҰक्र्तिृまนั้ढूँ]",
    "settings.typecheckingMode.off.description": "[RwGj8][นั้§høw ðïægñøstïçs før ïñvælïð sÿñtæx, µñrësølvëð ïmpørts, µñðëfïñëð værïæþlës.Ấğ倪İЂҰक्र्तिृまẤğ倪İЂҰक्र्तिृまẤğ倪นั้ढूँ]",
    "settings.typecheckingMode.standard.description": "[Ft6FC][นั้Æll rµlës frøm `basic` + `standard` tÿpë çhëçkïñg rµlës.Ấğ倪İЂҰक्र्तिृまẤğ倪İЂҰक्นั้ढूँ]",
    "settings.typecheckingMode.strict.description": "[kAxKi][นั้Æll rµlës frøm `standard` + `strict` tÿpë çhëçkïñg rµlës.Ấğ倪İЂҰक्र्तिृまẤğ倪İЂҰक्र्นั้ढूँ]"
}
