{
    "ClientLoc.FindMatchingEnv.noEnvsFound": "Nie można odnaleźć środowiska z zainstalowanymi tymi pakietami. Czy chcesz zainstalować brakujące pakiety?",
    "ClientLoc.FindMatchingEnv.scanningCancelled": "Skanowanie anulowane.",
    "ClientLoc.FindMatchingEnv.scanningInProgress": "Skanowanie {0} ({1}/{2}) w poszukiwaniu pakietów używanych w tym pliku.",
    "ClientLoc.FindMatchingEnv.switchToEnv": "Okazało się, że „{0}” ma już zainstalowane pakiety używane w tym pliku. Czy chcesz się przełączyć?",
    "ClientLoc.InstallMissingPkgs.placeholder": "Wybierz pakiety do zainstalowania w bieżącym środowisku.",
    "ClientLoc.InstallMissingPkgs.title": "Wybierz pakiety do zainstalowania",
    "ClientLoc.ServerRestart.crashMessage": "Wystąpiła awaria serwera Pylance.",
    "ClientLoc.ServerRestart.crashRestartingMessage": "Wystąpiła awaria serwera Pylance. Serwer Pylance zostanie uruchomiony ponownie po wybraniu pliku wykonywalnego platformy Node.js do uruchomienia narzędzia Pylance.",
    "ClientLoc.ServerRestart.restartingMessage": "Ponowne uruchamianie serwera Pylance przy użyciu platformy Node.js...",
    "ClientLoc.ServerRestart.selectButton": "Wybierz",
    "ClientLoc.ServerRestart.selectNodeJsTitle": "Wybierz plik wykonywalny platformy Node.js, aby uruchomić serwer Pylance",
    "ClientLoc.TroubleshootMissingImports.apiNotFound": "Interfejsy API rozszerzeń środowisk języka Python są niedostępne. Upewnij się, że rozszerzenie jest zainstalowane i włączone.",
    "ClientLoc.TroubleshootMissingImports.envExtensionRequired": "Ta szybka poprawka wymaga zainstalowania i włączenia rozszerzenia środowisk języka Python.",
    "ClientLoc.TroubleshootMissingImports.moduleNotFound": "Pakiet {0} jest zainstalowany, ale moduł {1} może być niedostępny. Może on nie istnieć w zainstalowanej wersji lub może zostać utworzony dynamicznie w czasie wykonywania. Spróbuj sprawdzić dokumenty pakietu lub zaktualizować do zgodnej wersji.",
    "ClientLoc.askNodeSafetyQuestion": "Rozszerzenie Pylance jest skonfigurowana do uruchamiania z {0}. Czy chcesz użyć tego pliku wykonywalnego do uruchomienia rozszerzenia Pylance?",
    "ClientLoc.autoImportCompletionsStatusItem.name": "Tryb uzupełniania automatycznego importowania w języku Python",
    "ClientLoc.autoImportCompletionsStatusItem.text": "Uzupełnianie automatycznego importowania: {0}",
    "ClientLoc.autoImportCompletionsStatusItem.titleOff": "Wyłącz",
    "ClientLoc.autoImportCompletionsStatusItem.titleOn": "Włącz",
    "ClientLoc.copilotOutputChannelName": "Serwer Pylance funkcji Copilot",
    "ClientLoc.crashTooManyRestarts": "Rozszerzenie Pylance uległo awarii 5 razy w ciągu ostatnich 3 minut. Rozszerzenie Pylance nie zostanie ponownie uruchomione. Aby uzyskać więcej informacji, sprawdź [ten link](https://aka.ms/AApf7ox).",
    "ClientLoc.pylanceAndPythonPrereleaseExtensionMismatch": "Rozszerzenia języków Pylance i Python mają niezgodne współdzielone zależności.\r\nUpewnij się, że oba rozszerzenia są najnowszą wersją wstępną.",
    "ClientLoc.pylanceAndPythonStableExtensionMismatch": "Rozszerzenia języków Pylance i Python mają niezgodne współdzielone zależności.\r\nUpewnij się, że oba rozszerzenia są najnowszą wersją stabilną.",
    "ClientLoc.typeCheckingModeStatusItem.name": "Tryb sprawdzania typu języka Python",
    "ClientLoc.typeCheckingModeStatusItem.pickerPlaceholder": "Bieżący tryb: {0}. Wybierz tryb sprawdzania typu.",
    "ClientLoc.typeCheckingModeStatusItem.pickerSettingsPage": "wyświetl na stronie ustawień",
    "ClientLoc.typeCheckingModeStatusItem.textFormatted": "Kontrola typów: {0}",
    "ClientLoc.typeCheckingModeStatusItem.textFormattedFromConfig": "Kontrola typów: {0} (z {1})",
    "ClientLoc.typeCheckingModeStatusItem.title": "Wybierz tryb sprawdzania typu",
    "ClientLoc.typeCheckingModeStatusItem.titleConfig": "Otwórz konfigurację",
    "ClientLoc.typeCheckingRecommendation.suggestionMessage": "Usługa Pylance wykryła adnotacje typu w kodzie i rekomenduje włączenie sprawdzania typu. Czy chcesz zmienić to ustawienie?",
    "ClientLoc.updateSettingsErrorMsgFormatted": "Aktualizacja ustawienia „{0}.{1}” zakończyła się niepowodzeniem.",
    "Common.Help": "Pomoc",
    "Common.No": "Nie",
    "Common.Yes": "Tak",
    "Common.dismiss": "Odrzuć",
    "Common.learnMore": "Dowiedz się więcej",
    "Common.reload": "Załaduj ponownie",
    "Common.remindMeLater": "Przypomnij mi później",
    "LanguageServer.settingsMigratedMessage": "Ustawienia dotyczące Microsoft Language Server zostały skopiowane do ustawień rozszerzenia Pylance. Sprawdź pliki settings.json, aby uzyskać szczegółowe informacje.",
    "LanguageServer.settingsMigrationError": "Nie można przeprowadzić migracji następujących ustawień:",
    "LanguageServer.settingsNotOverridable": "Nie można ustawić „{0}”, gdy jest używany plik pyrightconfig.json lub pyproject.toml.",
    "Refactoring.MoveSymbol.newFileDetail": "Wprowadź ścieżkę lub wybierz plik docelowy",
    "Refactoring.MoveSymbol.newFileLabel": "Wprowadź ścieżkę do pliku docelowego",
    "Refactoring.MoveSymbol.openDialogOpenLabel": "Wybierz",
    "Refactoring.MoveSymbol.openDialogTitle": "Wybierz nowy plik, do którego chcesz przenieść symbol...",
    "Refactoring.MoveSymbol.progressBarTitle": "Przenieś symbol do...",
    "Refactoring.MoveSymbol.quickPickPlaceHolder": "Wyszukaj plik docelowy",
    "Refactoring.MoveSymbol.quickPickTitle": "Wybierz lokalizację docelową do przeniesienia",
    "Refactoring.MoveSymbol.separatorText": "Pliki docelowe",
    "Refactoring.SearchImports.quickPickPlaceHolder": "Wyszukaj importy",
    "Refactoring.SearchImports.quickPickTitle": "Wyszukaj dodatkowe pasujące importy",
    "commands.pylance.docstrings.fold.title": "Pylance: zwiń wszystkie dokumenty",
    "commands.pylance.docstrings.unfold.title": "Pylance: rozwiń wszystkie dokumenty",
    "commands.pylance.gotoOutputChannel.title": "Pylance: przejdź do kanału danych wyjściowych",
    "commands.pylance.indexing.clearPersistedIndices.title": "Pylance: czyszczenie wszystkich utrwalonych indeksów",
    "commands.pylance.logging.start.title": "Pylance: rozpocznij rejestrowanie",
    "commands.pylance.logging.stop.title": "Pylance: zatrzymaj rejestrowanie",
    "commands.pylance.profiling.start.title": "Pylance: rozpoczynanie profilowania",
    "commands.pylance.profiling.stop.title": "Pylance: zatrzymywanie profilowania",
    "commands.pylance.reportIssue.title": "Pylance: zgłaszanie problemu...",
    "commands.pylance.runCurrentFileInSandbox.title": "Pylance: uruchom bieżący plik w piaskownicy",
    "settings.languageServerMode.default.description": "Pozostaw Pylance z ustawieniami domyślnymi.",
    "settings.languageServerMode.description": "Wybierz wstępnie zdefiniowany zestaw wartości dla ustawień. Aby uzyskać więcej informacji, sprawdź [ten link](https://aka.ms/languageserver-mode).",
    "settings.languageServerMode.full.description": "Domyślnie włącz większość funkcji Pylance. Zobacz link w opisie, aby dowiedzieć się, jakie ustawienia są skonfigurowane na jaką wartość.",
    "settings.languageServerMode.light.description": "Ustaw Pylance, aby wykonywać tylko podstawowe czynności, aby zmniejszyć jej wagę. Zobacz link w opisie, aby dowiedzieć się, jakie ustawienia są skonfigurowane na jaką wartość.",
    "settings.python.analysis.aiCodeActions.convertFormatString.description": "Włącz/wyłącz pomoc dotyczącą sztucznej inteligencji na potrzeby konwertowania łączenia ciągów na ciąg f lub format().",
    "settings.python.analysis.aiCodeActions.convertLambdaToNamedFunction.description": "Włącz/wyłącz pomoc dotyczącą sztucznej inteligencji na potrzeby konwertowania wyrażeń lambda na nazwane funkcje.",
    "settings.python.analysis.aiCodeActions.description": "Włącz/wyłącz akcje kodu wspomagane przez AI. Wymaga włączenia rozszerzenia Copilot Chat.",
    "settings.python.analysis.aiCodeActions.generateDocstring.description": "Włącz/wyłącz asystenta AI na potrzeby generowania ciągów docstrings w formacie reStructuredText. Uruchamiaj przez akcję kodu w pustych ciągach docstrings.",
    "settings.python.analysis.aiCodeActions.generateSymbol.description": "Włącz/wyłącz pomoc AI dla generowania symboli, takich jak klasa, funkcja i zmienna.",
    "settings.python.analysis.aiCodeActions.implementAbstractClasses.description": "Włącz/wyłącz pomoc dotyczącą sztucznej inteligencji na potrzeby implementowania dziedziczonych klas abstrakcyjnych.",
    "settings.python.analysis.aiHoverSummaries.description": "Włącz/wyłącz asystenta AI, aby wyświetlać podsumowania wygenerowane przez funkcję Copilot w etykietce narzędzia aktywowania. Ta funkcja wymaga subskrypcji GitHub Copilot Pro lub Pro+.",
    "settings.python.analysis.autoFormatStrings.description.message": "W przypadku wpisywania znaku „{” w ciągu jest on automatycznie poprzedzany znakiem „f”.",
    "settings.python.analysis.autoImportCompletions.description": "Włącz uzupełnianie automatycznego importowania.",
    "settings.python.analysis.autoIndent.description": "Automatycznie dostosuj wcięcia na podstawie semantyki języka podczas wpisywania kodu w języku Python.",
    "settings.python.analysis.autoSearchPaths.description": "Automatycznie dodawaj typowe ścieżki wyszukiwania, takie jak „src”.",
    "settings.python.analysis.autoSplitStrings.description": "Automatycznie dodawaj znaki cudzysłowu i kontynuacji wiersza podczas dzielenia ciągów.",
    "settings.python.analysis.cacheLSPData.description": "Buforuj dane LSP, aby przyspieszyć uzupełnianie. \r\n\r\n[Eksperymentalne] może spowodować, że aplikacja Pylance przestanie działać.",
    "settings.python.analysis.completeFunctionParens.description": "Dodaj nawiasy do uzupełnień funkcji.",
    "settings.python.analysis.diagnosticMode.description": "Zakres analizy na potrzeby wyświetlania diagnostyki.",
    "settings.python.analysis.diagnosticSeverityOverrides.description": "Allows a user to override the severity levels for individual diagnostics. \r\n\r\nUse the rule name as a key and one of `error`, `warning`, `information`, `none`, `true` (alias for `error`) or `false` (alias for `none`) as value. The default value shown for each diagnostic is the default when #python.analysis.typeCheckingMode# is set to `off`. See [here](https://github.com/microsoft/pyright/blob/main/docs/configuration.md#diagnostic-rule-defaults) for defaults for each type checking mode (`off`, `basic` and `strict`).",
    "settings.python.analysis.diagnosticsSource.description": "Umożliwia określenie innego serwera języka do użycia na potrzeby diagnostyki. Rozszerzenie Pylance połączy swoje wyniki z tym innym serwerem.",
    "settings.python.analysis.diagnosticsSource.mypy.description": "Użyj narzędzia mypy na potrzeby diagnostyki. Wymaga zainstalowania [rozszerzenia narzędzia typu mypy](https://marketplace.visualstudio.com/items?itemName=ms-python.mypy-type-checker).",
    "settings.python.analysis.diagnosticsSource.pylance.description": "Użyj rozszerzenia Pylance na potrzeby diagnostyki. (wartość domyślna)",
    "settings.python.analysis.diagnosticsSource.pyright.description": "Użyj narzędzia Pyright do diagnostyki. Umożliwia uruchamianie innego narzędzia Pyright niż to dostarczone z rozszerzeniem Pylance.",
    "settings.python.analysis.diagnosticsSource.ruff.description": "Użyj lintera Ruff na potrzeby diagnostyki. Wymaga zainstalowania [rozszerzenia Ruff](https://marketplace.visualstudio.com/items?itemName=charliermarsh.ruff).",
    "settings.python.analysis.disableTaggedHints.description": "Wyłącz diagnostykę wskazówek ze specjalnymi wskazówkami dla tekstu wyszarzonego lub przekreślenia.",
    "settings.python.analysis.displayEnglishDiagnostics.description": "Wyświetlaj diagnostykę w języku angielskim niezależnie od języka wyświetlania programu VS Code.",
    "settings.python.analysis.enableAsyncProgram.description": "Włącz/wyłącz komunikację asynchroniczną z wewnętrznym serwerem typów. Tylko do użytku wewnętrznego. Może powodować zaprzestanie działania rozszerzenia Pylance.",
    "settings.python.analysis.enableColorPicker.description": "Włącz/wyłącz selektor kolorów w edytorze dla ciągów „#RRGGBB” i „#RRGGBBAA”.",
    "settings.python.analysis.enableCompactContext.description": "Włącz/wyłącz kontekst eksperymentalny. Tylko do użytku wewnętrznego może spowodować, że rozszerzenie Pylance przestanie działać.",
    "settings.python.analysis.enableEditableInstalls.description": "Włącz obsługę edytowalnych instalacji pakietów zgodnie z opisem w [PEP 660](https://peps.python.org/pep-0660/) podczas korzystania z języka Python 3.13 lub nowszego. \r\n\r\n[Experimental]. Tylko do użytku wewnętrznego może spowodować, że program Pylance przestanie działać.",
    "settings.python.analysis.enablePerfTelemetry.description": "Włącza wewnętrzną telemetrię wydajności, jeśli w VS Code jest włączona telemetria.",
    "settings.python.analysis.enablePrecomputeContext.description": "Włącz/wyłącz eksperymentalny kontekst wstępnej kompilacji. Tylko do użytku wewnętrznego. Może powodować zaprzestanie działania rozszerzenia Pylance.",
    "settings.python.analysis.enablePytestSupport.description": "Włącza obsługę narzędzia pytest w rozszerzeniu Pylance.",
    "settings.python.analysis.enableSnippetExtraTelemetry.description": "Włącz/wyłącz dodatkową telemetrię podczas uruchamiania fragmentów kodu. Tylko do użytku wewnętrznego. Może powodować zaprzestanie działania rozszerzenia Pylance.",
    "settings.python.analysis.enableTroubleshootMissingImports.description": "Włącz/wyłącz szybką poprawkę w celu rozwiązywania problemów z brakującymi importami. Ta szybka poprawka wymaga zainstalowania i włączenia rozszerzenia środowisk języka Python.",
    "settings.python.analysis.exclude.description": "Ścieżki katalogów lub plików, które nie powinny być dołączone. Zastępują one katalogi uwzględniania, umożliwiając wykluczanie określonych podkatalogów. \r\n\r\nPamiętaj, że pliki w ścieżkach wykluczania mogą być nadal uwzględniane w analizie, jeśli są przywoływane (importowane) przez pliki źródłowe, które nie są wykluczone. \r\n\r\nŚcieżki mogą zawierać symbole wieloznaczne `**` (katalog lub wiele poziomów katalogów), `*` (sekwencja zer lub więcej znaków) lub `?` (pojedynczy znak). \r\n\r\nJeśli nie określono ścieżek wykluczania, rozszerzenie Pylance automatycznie wyklucza następujące elementy: `**/node_modules`, `**/__pycache__`, `.git` i wszystkie katalogi środowiska wirtualnego. Jeśli ścieżka zawiera zmienną `${workspaceFolder:<workspaceName>}`, wzorzec globalny będzie stosowany tylko do odpowiedniego obszaru roboczego w środowisku z wieloma głównymi obszarami roboczymi.",
    "settings.python.analysis.extraCommitChars.description": "Zezwalaj na używanie znaków „.”, „”\" jako znaków zatwierdzenia, jeśli ma to zastosowanie.",
    "settings.python.analysis.extraPaths.description": "Dodatkowe ścieżki rozpoznawania wyszukiwania importu",
    "settings.python.analysis.findRefsInBackgroundThread.description": "Włącz/wyłącz uruchamianie funkcji Znajdź wszystkie odwołania w wątku w tle. Tylko do użytku wewnętrznego. Może powodować zaprzestanie działania rozszerzenia Pylance.",
    "settings.python.analysis.fixAll.description": "poprawki źródłowe do uruchomienia w rozwiązać wszystkie.",
    "settings.python.analysis.generateWithTypeAnnotation.description": "Dodaj adnotacje typu podczas generowania kodu. Wartości domyślne to „false” dla trybu sprawdzania typu „off” i „true” dla innych trybów.",
    "settings.python.analysis.gotoDefinitionInStringLiteral.description": "W przypadku literałów ciągów, które wyglądają jak nazwy modułów, można przejść do definicji, aby przejść do modułu.",
    "settings.python.analysis.ignore.description": "Ścieżki katalogów lub plików, których dane wyjściowe diagnostyki (błędy i ostrzeżenia) powinny być pomijane, nawet jeśli są dołączonym plikiem lub w ramach przechodniego zamknięcia dołączonego pliku. \r\n\r\nŚcieżki mogą zawierać symbole wieloznaczne „**” (katalog lub wiele poziomów katalogów), „*” (sekwencja zer lub więcej znaków) lub „?” (pojedynczy znak). \r\n\r\nJeśli ścieżka zawiera zmienną „${workspaceFolder:<workspaceName>}”, wzorzec globalny będzie stosowany tylko do odpowiedniego obszaru roboczego w środowisku z wieloma głównymi obszarami roboczymi.",
    "settings.python.analysis.importFormat.description": "Definiuje domyślny format na potrzeby importowania modułów.",
    "settings.python.analysis.include.description": "Ścieżki katalogów lub plików, które powinny zostać uwzględnione. Jeśli nie określono żadnych ścieżek, rozszerzenie Pylance domyślnie używa katalogu głównego obszaru roboczego. \r\n\r\nŚcieżki mogą zawierać symbole wieloznaczne „**” (katalog lub wiele poziomów katalogów), „*” (sekwencja zer lub więcej znaków) lub „?” (pojedynczy znak). \r\n\r\nJeśli ścieżka zawiera zmienną „${workspaceFolder:<workspaceName>}”, wzorzec globalny będzie stosowany tylko do odpowiedniego obszaru roboczego w środowisku z wieloma głównymi obszarami roboczymi.",
    "settings.python.analysis.includeAliasesFromUserFiles.description": "Uwzględnij symbole aliasów z plików użytkownika. Spowoduje to, że symbole aliasów będą wyświetlane w funkcjach takich jak „dodaj import”, „importuj automatycznie”",
    "settings.python.analysis.indexing.description": "Włącz indeksowanie zainstalowanych bibliotek innych firm i plików użytkowników dla funkcji językowych, takich jak automatyczne importowanie, dodawanie importu, symbole obszaru roboczego itp.",
    "settings.python.analysis.inlayHints.callArgumentNames.description": "Włącz/wyłącz wskazówki wbudowane dla nazw argumentów wywołania:\r\n```python\r\ndatetime('year='2019, 'month='10, 'day='27)\r\n```\r\n",
    "settings.python.analysis.inlayHints.functionReturnTypes.description": "Włącz/wyłącz wskazówki wbudowane dla zwracanych typów funkcji:\r\n```python\r\ndef foo(x:int) '-> int':\r\n\treturn x\r\n```\r\n",
    "settings.python.analysis.inlayHints.pytestParameters.description": "Włącz/wyłącz wskazówki wbudowane dla typów parametrów funkcji pytest:\r\n```python\r\ndef test_foo(my_fixture: 'str'):\r\n\tassert(my_fixture == 'foo')\r\n```\r\n",
    "settings.python.analysis.inlayHints.variableTypes.description": "Włącz/wyłącz wskazówki wbudowane dla typów zmiennych. Wskazówki nie są wyświetlane dla przypisań literałów lub stałych:\r\n```python\r\nfoo':list[str]' = [\"a\"]\r\n \r\n```\r\n",
    "settings.python.analysis.logLevel.description": "Określa poziom rejestrowania w panelu Dane wyjściowe.",
    "settings.python.analysis.nodeArguments.description": "Dodatkowe argumenty do przekazania do pliku wykonywalnego Node.js do użycia na potrzeby uruchamiania serwera języka, gdy „python.analysis.nodeExecutable” jest ustawione. Wartość domyślna to „--max_old_space_size=8192”.",
    "settings.python.analysis.nodeExecutable.description": "Ścieżka do pliku wykonywalnego platformy Node.js, który ma być używany do uruchamiania serwera języka. Jeśli nie zostanie określony, serwer języka będzie używać pliku wykonywalnego platformy Node.js, który jest dostarczany z edytorem VS Code. W przypadku ustawienia opcji „auto” zostanie automatycznie pobrana wersja z [nodejs](https://nodejs.org/dist/). Ustaw tę opcję, jeśli masz problemy z brakiem pamięci rozszerzenia Pylance. Aby uzyskać więcej informacji, zobacz [tutaj](https://aka.ms/AApf7ox).",
    "settings.python.analysis.packageIndexDepths.description": "Służy do zastępowania liczby poziomów do indeksowania w ramach zainstalowanych pakietów na zasadzie dla poszczególnych pakietów. Domyślnie indeksowane są tylko moduły najwyższego poziomu (depth = 1). Aby indeksować moduły podrzędne, zwiększ depth o 1 dla każdego poziomu modułu podrzędnego, który chcesz indeksować. Akceptowane wartości to:\r\n```JSON\r\n{\"name\": \"package name (str)\",\r\n \"depth\": \"depth to scan (int)\",\r\n \"includeAllSymbols\": \"whether to include all symbols (bool)\"}\r\n\r\n```\r\nJeśli parametr „includeAllSymbols” jest ustawiony na wartość „false”, uwzględniane są tylko symbole w „__all__” każdego pakietu. Po ustawieniu na wartość „true” rozszerzenie Pylance będzie indeksować wszystkie deklaracje symboli modułu/najwyższego poziomu w pliku.  \r\n  \r\nPrzykład użycia: \r\n```JSON\r\n[\r\n\t{\"name\": \"sklearn\", \"depth\": 2, \"includeAllSymbols\": true},\r\n\t{\"name\": \"matplotlib\", \"depth\": 3, \"includeAllSymbols\": false}\r\n]\r\n\r\n```\r\n",
    "settings.python.analysis.persistAllIndices.description": "Indeksy dla wszystkich bibliotek innych firm zostaną utrwalone na dysku.",
    "settings.python.analysis.pyrightVersion.description": "Określa wersję narzędzia Pyright do użycia na potrzeby diagnostyki. Minimalna dozwolona wartość to 1.1.397. To ustawienie jest używane tylko wtedy, gdy element „python.analysis.diagnosticsSource” ma wartość „Pyright”. \r\n\r\nTa wartość może być jedną z\r\n— wersji ciągu = np. 1.1.397\r\n— Ścieżka do lokalnego pliku pyright-langserver.js (który również musi pochodzić z wersji co najmniej 1.1.397 lub nowszej).",
    "settings.python.analysis.regenerateStdLibIndices.description": "Zamiast polegać na udostępnionych indeksach stdlib.json dla wszystkich wersji języka Python, wygeneruj unikatowe indeksy dostosowane do konkretnej wersji języka Python i platformy każdego obszaru roboczego. Ten proces regeneracji wpłynie na wydajność, w przeciwieństwie do korzystania z gotowych indeksów stdlib.",
    "settings.python.analysis.reportExtraTelemetry.description": "Zgłoś dodatkowe dane telemetryczne [eksperymentalne]. Tylko do użytku wewnętrznego. Może spowodować, że rozszerzenie Pylance zacznie działać wolno.",
    "settings.python.analysis.showOnlyDirectDependenciesInAutoImport.description": "Pokaż tylko zależności bezpośrednie zadeklarowane w „requirements.txt” lub „pyproject.toml” w sugestiach „automatycznego importowania”, jeśli istnieją. Ma to wpływ tylko na „automatyczne importowanie” dla uzupełnień. Akcja kodu „dodawanie importu” będzie nadal pokazywać wszystkie możliwe importy.",
    "settings.python.analysis.stubPath.description": "Ścieżka do katalogu zawierającego pliki klasy zastępczej typu niestandardowego.",
    "settings.python.analysis.supportAllPythonDocuments.description": "Włącz/wyłącz obsługę wszystkich dokumentów języka Python. Dzięki temu funkcja IntelliSense Pylance jest włączona w innych dokumentach, takich jak terminal lub widoki różnic. \r\n\r\n[Eksperymentalne]. Tylko do użytku wewnętrznego może spowodować, że rozszerzenie Pylance przestanie działać.",
    "settings.python.analysis.supportDocstringTemplate.description": "Włącz/wyłącz generowanie ciągu docstring w formacie reStructuredText. Szablony są wyświetlane po wpisaniu otwierających potrójnych cudzysłowów lub za pośrednictwem akcji kodu wewnątrz pustych ciągów docstring.",
    "settings.python.analysis.supportRestructuredText.description": "Enable/disable support for reStructuredText in docstrings.",
    "settings.python.analysis.typeEvaluation.analyzeUnannotatedFunctions.description": "Analizuj i raportuj błędy dla funkcji i metod, które nie mają adnotacji typu dla parametrów wejściowych lub zwracanych typów. Wartość domyślna tego ustawienia to „true”.",
    "settings.python.analysis.typeEvaluation.deprecateTypingAliases.description": "Program [PEP 585](https://peps.python.org/pep-0585) wskazuje, że aliasy typów w kolekcjach standardowych, które zostały wprowadzone wyłącznie w celu obsługi typów ogólnych, są przestarzałe od wersji Python 3.9. Ten przełącznik określa, czy są one traktowane jako przestarzałe. Dotyczy to tylko pythonVersion w wersji 3.9 lub nowszej. Wartość domyślna w przypadku tego ustawienia to „false”, ale w przyszłości może zostać przełączona na wartość „true”.",
    "settings.python.analysis.typeEvaluation.disableBytesTypePromotions.description": "Wyłącza starsze zachowanie polegające na tym, że elementy `bytearray` i `memoryview` są uznawane za podtypy `bytes`. [PEP 688](https://peps.python.org/pep-0688/#no-special-meaning-for-bytes) wycofuje to zachowanie, ale ten przełącznik jest udostępniany w celu przywrócenia starszego zachowania. Wartość domyślna tego ustawienia to „false”.",
    "settings.python.analysis.typeEvaluation.enableExperimentalFeatures.description": "Włącza zestaw eksperymentalnych (w większości nieudokumentowanych) funkcji odpowiadających proponowanym lub eksploracyjnym zmianom standardu pisania w języku Python. Te funkcje prawdopodobnie ulegną zmianie lub zostaną usunięte, więc nie powinny być używane z wyjątkiem celów eksperymentowania. Wartość domyślna tego ustawienia to `false`.",
    "settings.python.analysis.typeEvaluation.enableReachabilityAnalysis.description": "Jeśli ta opcja jest włączona, kod uznany za nieosiągalny przez analizę typu jest zgłaszany przy użyciu oznakowanego wskazówki. To ustawienie nie ma wpływu na kod uznany za nieosiągalny niezależnie od analizy typu; taki kod jest zawsze zgłaszany jako nieosiągalny. To ustawienie nie działa również w przypadku korzystania z wersji wiersza polecenia narzędzia pyright, ponieważ nigdy nie emituje oznakowanych wskazówek dla nieosiągalnego kodu.",
    "settings.python.analysis.typeEvaluation.enableTypeIgnoreComments.description": "[PEP 484](https://peps.python.org/pep-0484) definiuje obsługę w przypadku komentarzy `# type: ignore`. Ten przełącznik włącza lub wyłącza obsługę tych komentarzy. Wartość domyślna tego ustawienia to `true`. To nie wpływa na komentarze `# pyright: ignore`.",
    "settings.python.analysis.typeEvaluation.strictDictionaryInference.description": "Podczas wnioskowania typu kluczy i wartości słownika należy zastosować ścisłe założenia dotyczące typów. Na przykład wyrażenie \r\n\r\n```python\r\n{'a': 1, 'b': 'a'}\r\n```\r\n można wywnioskować, że jest typu „dict[str, Any]” lub „dict[str, int | str]”. Jeśli to ustawienie ma wartość true, będzie używać tego ostatniego (bardziej restrykcyjnego) typu. Wartość domyślna w przypadku tego ustawienia to „false”.",
    "settings.python.analysis.typeEvaluation.strictListInference.description": "Podczas wnioskowania typu listy należy używać ścisłych założeń typu. Na przykład wyrażenie \r\n\r\n```python\r\n[1, 'a', 3.4]\r\n```\r\n można wywnioskować, że jest typu „list[Any]” lub „list[int | str | float]”. Jeśli to ustawienie ma wartość true, będzie używać tego ostatniego (bardziej restrykcyjnego) typu. Wartość domyślna w przypadku tego ustawienia to „false”.",
    "settings.python.analysis.typeEvaluation.strictParameterNoneValue.description": "Program [PEP 484](https://peps.python.org/pep-0484) wskazuje, że gdy do parametru funkcji jest przypisana wartość domyślna None, jego typ powinien być niejawnie Optional, nawet jeśli jawny typ nie jest. Po włączeniu ta reguła wymaga, aby adnotacje typu parametru wyraźnie używały w tym przypadku parametru Optional. Wartość domyślna tego ustawienia to „true”.",
    "settings.python.analysis.typeEvaluation.strictSetInference.description": "When inferring the type of a set, use strict type assumptions. For example, the expression \r\n\r\n```python\r\n{1, 'a', 3.4}\r\n```\r\n could be inferred to be of type `set[Any]` or `set[int | str | float]`. If this setting is true, it will use the latter (stricter) type. The default value for this setting is `false`.",
    "settings.python.analysis.typeServerArguments.description": "Argumenty do przekazania do serwera typów. Tylko do użytku wewnętrznego. Może powodować zaprzestanie działania rozszerzenia Pylance.",
    "settings.python.analysis.typeServerExecutable.description": "Ścieżka do niestandardowego serwera typów. Tylko do użytku wewnętrznego. Może powodować zaprzestanie działania rozszerzenia Pylance.",
    "settings.python.analysis.typecheckingMode.description": "Określa domyślny zestaw reguł sprawdzania typów.",
    "settings.python.analysis.typeshedPaths.description": "Ścieżki do wyszukiwania modułów typeshed.",
    "settings.python.analysis.useLibraryCodeForTypes.description": "Użyj implementacji biblioteki, aby wyodrębnić informacje o typie, gdy wycinek typu jest nieobecny.",
    "settings.python.analysis.usePullDiagnostics.description": "Włącz/wyłącz obsługę pobierania diagnostyki z Pylance (zamiast jej wysyłania przez Pylance). \r\n\r\n[Eksperymentalne], może spowodować, że diagnostyka nie będzie widoczna.",
    "settings.python.analysis.userFileIndexingLimit.description": "Maksymalna liczba plików użytkownika do indeksowania w obszarze roboczym. Indeksowanie plików jest zadaniem intensywnie obciążającym wydajność. Użyj tego ustawienia, aby ograniczyć liczbę plików, które chcesz indeksować. Jeśli wprowadzisz wartość -1, zindeksujemy wszystkie pliki.",
    "settings.typecheckingMode.basic.description": "Wszystkie reguły z reguł sprawdzania typów „off” + „basic”.",
    "settings.typecheckingMode.compare.description": "Tryby sprawdzania typu: Basic, Standard, and Strict:\r\n\r\n| Funkcja                                  | Basic | Standard | Strict |\r\n|------------------------------------------|:-----:|:--------:|:------:|\r\n| Niezgodności typów zmiennych                 |   ✅   |    ✅     |   ✅   |\r\n| Sprawdzanie zwracanego typu funkcji              |   ✅   |    ✅     |   ✅   |\r\n| Wymuszanie zawężania typu               |       |    ✅     |   ✅   |\r\n| Sprawdzanie typu `Any`                   |       |    ✅     |   ✅   |\r\n| Kontrole dostępu prywatnego/chronionego          |       |    ✅     |   ✅   |\r\n| Wymusza bardziej rygorystyczne użycie rodzajów         |       |    ✅     |   ✅   |\r\n| Raporty z brakującymi adnotacjami typów         |       |          |   ✅   |\r\n| Nie zezwala na użycie typu `Any`               |       |          |   ✅   |\r\n| Wymaga ścisłej zgodności typów       |       |          |   ✅   |\r\n| Wymusza pełne pokrycie typu          |       |          |   ✅   |\r\n\r\nAby uzyskać więcej informacji, sprawdź dokumentację [Pyright documentation](https://microsoft.github.io/pyright/#/configuration?id=type-check-diagnostics-settings).",
    "settings.typecheckingMode.off.description": "Pokaż diagnostykę nieprawidłowej składni, nierozwiązanych importów i niezdefiniowanych zmiennych.",
    "settings.typecheckingMode.standard.description": "Wszystkie reguły z reguł sprawdzania typów „basic” + „standard”.",
    "settings.typecheckingMode.strict.description": "Wszystkie reguły z reguł sprawdzania typów „standard” + „strict”."
}
