{
    "ClientLoc.FindMatchingEnv.noEnvsFound": "Bu paketlerin yüklü olduğu bir ortam bulunamadı. Eksik paketleri yüklemek istiyor musunuz?",
    "ClientLoc.FindMatchingEnv.scanningCancelled": "Tarama iptal edildi.",
    "ClientLoc.FindMatchingEnv.scanningInProgress": "Bu dosyada kullanılan paketler taranıyor {0} ({1}/{2}).",
    "ClientLoc.FindMatchingEnv.switchToEnv": "'{0}' dosyasının bu dosyada kullanılan paketleri zaten yüklemiş olduğu görüldü. Buna geçmek ister misiniz?",
    "ClientLoc.InstallMissingPkgs.placeholder": "Geçerli ortama yüklenecek paketleri belirtin.",
    "ClientLoc.InstallMissingPkgs.title": "Yüklenecek paketleri seçin",
    "ClientLoc.ServerRestart.crashMessage": "Pylance kilitlendi.",
    "ClientLoc.ServerRestart.crashRestartingMessage": "Pylance kilitlendi. Pylance'ı çalıştırmak üzere yürütülebilir Node.js dosyasını seçtiğinizde Pylance yeniden başlatılır.",
    "ClientLoc.ServerRestart.restartingMessage": "Pylance, Node.js kullanılarak yeniden başlatılıyor...",
    "ClientLoc.ServerRestart.selectButton": "Seç",
    "ClientLoc.ServerRestart.selectNodeJsTitle": "Pylance'ı çalıştırmak için yürütülebilir Node.js dosyası seçme",
    "ClientLoc.TroubleshootMissingImports.apiNotFound": "Python Ortamları uzantısı API'leri mevcut değil. Lütfen uzantının yüklü ve etkinleştirilmiş olduğundan emin olun.",
    "ClientLoc.TroubleshootMissingImports.envExtensionRequired": "Bu Hızlı Düzeltme, Python Ortamları uzantısının yüklü ve etkinleştirilmiş olmasını gerektirir.",
    "ClientLoc.TroubleshootMissingImports.moduleNotFound": "Paket {0} yüklü, ancak {1} modülü mevcut olmayabilir. Yüklü sürümde olmayabilir veya çalışma zamanında dinamik olarak oluşturulabilir. Paket belgelerini kontrol etmeyi veya uyumlu bir sürüme güncelleştirmeyi deneyin.",
    "ClientLoc.askNodeSafetyQuestion": "Pylance {0} ile çalışmak üzere yapılandırıldı. Pylance’ı çalıştırmak için bu yürütülebilir dosyayı kullanmak istiyor musunuz?",
    "ClientLoc.autoImportCompletionsStatusItem.name": "Python Otomatik İçeri Aktarma Tamamlamaları Modu",
    "ClientLoc.autoImportCompletionsStatusItem.text": "Otomatik İçeri Aktarma Tamamlamaları: {0}",
    "ClientLoc.autoImportCompletionsStatusItem.titleOff": "Kapalı duruma geç",
    "ClientLoc.autoImportCompletionsStatusItem.titleOn": "Açık duruma geç",
    "ClientLoc.copilotOutputChannelName": "Pylance Copilot Sunucusu",
    "ClientLoc.crashTooManyRestarts": "Pylance son 3 dakika içinde 5 kez kilitlendi. Pylance yeniden başlatılmayacak. Daha fazla ayrıntı için lütfen [bu bağlantıyı](https://aka.ms/AApf7ox) kontrol edin.",
    "ClientLoc.pylanceAndPythonPrereleaseExtensionMismatch": "Pylance ve Python uzantılarında uyumlu olmayan paylaşılan bağımlılıklar var.\r\nLütfen her iki uzantının da en son ön sürüm olduğundan emin olun.",
    "ClientLoc.pylanceAndPythonStableExtensionMismatch": "Pylance ve Python uzantılarında uyumlu olmayan paylaşılan bağımlılıklar var.\r\nLütfen her iki uzantının da en son kararlı sürüm olduğundan emin olun.",
    "ClientLoc.typeCheckingModeStatusItem.name": "Python Tür Denetimi Modu",
    "ClientLoc.typeCheckingModeStatusItem.pickerPlaceholder": "Geçerli mod: {0}. Tür denetimi modunu seçin.",
    "ClientLoc.typeCheckingModeStatusItem.pickerSettingsPage": "ayarlar sayfasında görüntüleyin",
    "ClientLoc.typeCheckingModeStatusItem.textFormatted": "Tür Denetimi: {0}",
    "ClientLoc.typeCheckingModeStatusItem.textFormattedFromConfig": "Tür Denetimi: {0} ({1} kaynağından)",
    "ClientLoc.typeCheckingModeStatusItem.title": "Tür denetimi modu seç",
    "ClientLoc.typeCheckingModeStatusItem.titleConfig": "Yapılandırmayı aç",
    "ClientLoc.typeCheckingRecommendation.suggestionMessage": "Pylance, kodunuzda tür ek açıklamaları algıladı ve tür denetimini etkinleştirmenizi öneriyor. Bu ayarı değiştirmek ister misiniz?",
    "ClientLoc.updateSettingsErrorMsgFormatted": "'{0}.{1}' ayarı güncelleştirilemiyor.",
    "Common.Help": "Yardım",
    "Common.No": "Hayır",
    "Common.Yes": "Evet",
    "Common.dismiss": "Kapat",
    "Common.learnMore": "Daha fazla bilgi edinin",
    "Common.reload": "Yeniden yükle",
    "Common.remindMeLater": "Daha sonra anımsat",
    "LanguageServer.settingsMigratedMessage": "Microsoft Language Server için geçerli olan ayarlar Pylance ayarlarına kopyalandı. Ayrıntılar için lütfen settings.json dosyasına bakın.",
    "LanguageServer.settingsMigrationError": "Aşağıdaki ayarlar geçirilemedi:",
    "LanguageServer.settingsNotOverridable": "Bir pyrightconfig.json veya pyproject.toml dosyası kullanılırken ‘{0}’ ayarlanamaz.",
    "Refactoring.MoveSymbol.newFileDetail": "Yolu girin veya hedef dosyayı seçin",
    "Refactoring.MoveSymbol.newFileLabel": "Hedef dosya yolunu girin",
    "Refactoring.MoveSymbol.openDialogOpenLabel": "Seç",
    "Refactoring.MoveSymbol.openDialogTitle": "Simgeyi taşımak istediğiniz yeni dosyayı seçin...",
    "Refactoring.MoveSymbol.progressBarTitle": "Simgeyi Taşı...",
    "Refactoring.MoveSymbol.quickPickPlaceHolder": "Hedef dosyayı ara",
    "Refactoring.MoveSymbol.quickPickTitle": "Taşınacak hedefi seçin",
    "Refactoring.MoveSymbol.separatorText": "Hedef Dosyalar",
    "Refactoring.SearchImports.quickPickPlaceHolder": "İçeri aktarmaları ara",
    "Refactoring.SearchImports.quickPickTitle": "Eşleşen ek içeri aktarmaları ara",
    "commands.pylance.docstrings.fold.title": "Pylance: Tüm Docstring'leri Kaynağa Döndür",
    "commands.pylance.docstrings.unfold.title": "Pylance: Tüm Docstring'leri Aç",
    "commands.pylance.gotoOutputChannel.title": "Pylance: Çıkış kanalına git",
    "commands.pylance.indexing.clearPersistedIndices.title": "Pylance: Tüm Kalıcı Dizinleri Temizle",
    "commands.pylance.logging.start.title": "Pylance: Günlüğe Kaydetmeyi Başlat",
    "commands.pylance.logging.stop.title": "Pylance: Günlüğe Kaydetmeyi Durdur",
    "commands.pylance.profiling.start.title": "Pylance: Profil Oluşturmayı Başlat",
    "commands.pylance.profiling.stop.title": "Pylance: Profil Oluşturmayı Durdur",
    "commands.pylance.reportIssue.title": "Pylance: Sorun Bildir...",
    "commands.pylance.runCurrentFileInSandbox.title": "Pylance: Geçerli dosyayı korumalı alanda çalıştır",
    "settings.languageServerMode.default.description": "Pylance'i varsayılan ayarlarında bırakın.",
    "settings.languageServerMode.description": "Ayarlar için önceden tanımlanmış bir değer kümesi seçin. Diğer ayrıntılar için lütfen [bu bağlantıya](https://aka.ms/languageserver-mode) bakın.",
    "settings.languageServerMode.full.description": "Çoğu Pylance özelliğini varsayılan olarak etkinleştir. Tam olarak hangi ayarların hangi değere ayarlandığını bulmak için açıklamadaki bağlantıya bakın.",
    "settings.languageServerMode.light.description": "Pylance'i basitleştirmek için yalnızca temel çalışmaları yapacak şekilde ayarlayın. Tam olarak hangi ayarların hangi değere ayarlandığını bulmak için açıklamadaki bağlantıya bakın.",
    "settings.python.analysis.aiCodeActions.convertFormatString.description": "Dize birleştirmesini f-string veya format() biçimine dönüştürmek için yapay zeka yardımlarını etkinleştirin/devre dışı bırakın.",
    "settings.python.analysis.aiCodeActions.convertLambdaToNamedFunction.description": "Lambdaları adlandırılmış işlevlere dönüştürmek için yapay zeka desteğini etkinleştir/devre dışı bırak.",
    "settings.python.analysis.aiCodeActions.description": "Yapay zeka destekli kod eylemlerini etkinleştirin/devre dışı bırakın. Copilot Chat uzantısının etkinleştirilmesi gerektirir.",
    "settings.python.analysis.aiCodeActions.generateDocstring.description": "reStructuredText docstrings'leri oluşturmak için yapay zeka yardımını etkinleştirin veya devre dışı bırakın. Boş docstrings'lerin içinde kod eylemiyle tetikleyin.",
    "settings.python.analysis.aiCodeActions.generateSymbol.description": "Sınıf, işlev ve değişken gibi sembol oluşturmak için yapay zeka yardımlarını etkinleştirin/devre dışı bırakın.",
    "settings.python.analysis.aiCodeActions.implementAbstractClasses.description": "Devralınan soyut sınıfların uygulanmasına yapay zeka yardımını etkinleştirin/devre dışı bırakın.",
    "settings.python.analysis.aiHoverSummaries.description": "Yardımcı pilot tarafından oluşturulan özetleri üzerine gelme araç ipucunda göstermek için yapay zeka yardımını etkinleştirin veya devre dışı bırakın. Bu özellik GitHub Copilot Pro veya Pro+ aboneliği gerektirir.",
    "settings.python.analysis.autoFormatStrings.description.message": "Bir dizede `{` yazıldığında, dizeye otomatik olarak `f` ön eki eklenir.",
    "settings.python.analysis.autoImportCompletions.description": "Otomatik içe aktarma tamamlamalarını etkinleştirin.",
    "settings.python.analysis.autoIndent.description": "Python kodu yazarken dilin semantiğine göre girintiyi otomatik olarak ayarlayın.",
    "settings.python.analysis.autoSearchPaths.description": "Automatically add common search paths like `src`.",
    "settings.python.analysis.autoSplitStrings.description": "Dizeleri bölerken alıntı ve satır devamı karakterlerini otomatik olarak ekleyin.",
    "settings.python.analysis.cacheLSPData.description": "Daha hızlı tamamlamalar için LSP verilerini önbelleğe alın. \r\n\r\n[Deneysel] olduğundan Pylance'ın çalışmayı durdurmasına neden olabilir.",
    "settings.python.analysis.completeFunctionParens.description": "İşlev tamamlamalarına parantezler ekleyin.",
    "settings.python.analysis.diagnosticMode.description": "Tanılamayı göstermek için analiz kapsamı.",
    "settings.python.analysis.diagnosticSeverityOverrides.description": "Kullanıcının her bir tanılamanın önem düzeyini geçersiz kılmasına olanak tanır. \r\n\r\nKural adını anahtar olarak ve `error`, `warning`, `information`, `none`, `true` (`error` için diğer ad) veya `false` (`none` için diğer ad) ifadelerinden birini değer olarak kullanın. #python.analysis.typeCheckingMode# parametresi `off` olarak ayarlandığında, her tanılama için gösterilen varsayılan değer `default` olur. Her tür denetimi modunun (`off`, `basic` ve `strict`) varsayılanları için [buraya](https://github.com/microsoft/pyright/blob/main/docs/configuration.md#diagnostic-rule-defaults) bakın.",
    "settings.python.analysis.diagnosticsSource.description": "Tanılama için kullanılacak farklı bir dil sunucusu belirtmeye olanak tanır. Pylance, sonuçlarını bu diğer sunucuyla birleştirir.",
    "settings.python.analysis.diagnosticsSource.mypy.description": "Tanılama için mypy kullanın. [Mypy tür denetleyicisi uzantısının](https://marketplace.visualstudio.com/items?itemName=ms-python.mypy-type-checker) yüklü olması gerekir.",
    "settings.python.analysis.diagnosticsSource.pylance.description": "Tanılama için Pylance'ı kullanın. (varsayılan)",
    "settings.python.analysis.diagnosticsSource.pyright.description": "Tanılama için Pyright kullanın. Pylance eklentisiyle birlikte gelen Pyright'tan farklı bir Pyright çalıştırmaya izin verir.",
    "settings.python.analysis.diagnosticsSource.ruff.description": "Tanılama için Ruff kullanın. [Ruff uzantısının](https://marketplace.visualstudio.com/items?itemName=charliermarsh.ruff) yüklü olması gerekir.",
    "settings.python.analysis.disableTaggedHints.description": "Gri veya üstü çizili metinler için özel ipuçları içeren ipucu tanılamasını devre dışı bırakın.",
    "settings.python.analysis.displayEnglishDiagnostics.description": "Tanılamayı, VS Code'un görüntüleme dilinden bağımsız olarak İngilizce görüntüleyin.",
    "settings.python.analysis.enableAsyncProgram.description": "İç Tür Sunucusu ile zaman uyumsuz iletişimi etkinleştirin/devre dışı bırakın. Yalnızca kuruluş içinde kullanım içindir, Pylance’ın çalışmayı durdurmasına neden olabilir.",
    "settings.python.analysis.enableColorPicker.description": "'#RRGGBB' ve '#RRGGBBAA' dizeleri için düzenleyicide renk seçiciyi etkinleştirin veya devre dışı bırakın.",
    "settings.python.analysis.enableCompactContext.description": "Deneysel sunucuyu etkinleştirin veya devre dışı bırakın. Yalnızca kuruluş içinde kullanım içindir, Pylance’ın çalışmayı durdurmasına neden olabilir.",
    "settings.python.analysis.enableEditableInstalls.description": "Python 3.13 ve üzerini kullanırken [PEP 660](https://peps.python.org/pep-0660/) paketlerde açıklandığı gibi düzenlenebilir yüklemeler için desteği etkinleştirin. \r\n\r\n[Experimental]. Yalnızca iç kullanım için Pylance'ın çalışmayı durdurmasına neden olabilir.",
    "settings.python.analysis.enablePerfTelemetry.description": "Telemetri etkinse iç performans telemetrisini VS Code.",
    "settings.python.analysis.enablePrecomputeContext.description": "Deneysel ön hesaplama bağlamını etkinleştirin veya devre dışı bırakın. Yalnızca kuruluş içinde kullanım içindir, Pylance’in çalışmayı durdurmasına neden olabilir.",
    "settings.python.analysis.enablePytestSupport.description": "Pylance’de pytest desteğini etkinleştirir.",
    "settings.python.analysis.enableSnippetExtraTelemetry.description": "Kod parçacıklarını çalıştırmak için ek telemetriyi etkinleştirin veya devre dışı bırakın. Yalnızca kuruluş içinde kullanım içindir, Pylance’in çalışmayı durdurmasına neden olabilir.",
    "settings.python.analysis.enableTroubleshootMissingImports.description": "Eksik içeri aktarmalarda sorun gidermek için Hızlı Düzeltmeyi etkinleştirin veya devre dışı bırakın. Bu Hızlı Düzeltme, Python Ortamları uzantısının yüklü ve etkinleştirilmiş olmasını gerektirir.",
    "settings.python.analysis.exclude.description": "Eklenmemesi gereken dizinlerin veya dosyaların yolları. Bunlar “dizin ekle” işlevini geçersiz kılar ve belirli alt dizinlerin dışlanmasına olanak tanır. \r\n\r\nDışlanmayan kaynak dosyalar tarafından başvurulmaları (içeri aktarılmaları) durumunda, dışlama yollarındaki dosyaların analize eklenebileceğini unutmayın. \r\n\r\nYollar, '**' (bir dizin veya birden çok dizin düzeyi), `*` (bir sıfır dizisi veya daha fazla karakter) veya ? (tek bir karakter) joker karakterlerini içerebilir. \r\n\r\nDışlama yolu belirtilmezse, Pylance şunları otomatik olarak dışlar: `**/node_modules`, `**/__pycache__`, `.git` ve tüm sanal ortam dizinleri. Yol bir `${workspaceFolder:<workspaceName>}` değişkeni içeriyorsa glob deseni yalnızca çok köklü çalışma alanı ortamında buna karşılık gelen çalışma alanına uygulanır.",
    "settings.python.analysis.extraCommitChars.description": "Uygunsa, '.', '(' karakterlerini işleme karakteri olarak kullanmaya izin verin.",
    "settings.python.analysis.extraPaths.description": "Ek içeri aktarma arama çözümleme yolları",
    "settings.python.analysis.findRefsInBackgroundThread.description": "Arka plan iş parçacığında Tüm Başvuruları Bul'u etkinleştirin/devre dışı bırakın. Yalnızca kuruluş içinde kullanım içindir, Pylance’in çalışmayı durdurmasına neden olabilir.",
    "settings.python.analysis.fixAll.description": "tümünü düzelt altında çalıştırılacak kaynak düzeltmeleri.",
    "settings.python.analysis.generateWithTypeAnnotation.description": "Kod oluştururken tür ek açıklamaları ekleyin. “kapalı” tür denetleme modu için varsayılan olarak “false” değerini, diğer modlar için “true” değerini alır.",
    "settings.python.analysis.gotoDefinitionInStringLiteral.description": "Modül adlarına benzeyen sabit değerli dizeler için, modüle gitmek üzere “Tanıma git” işlevini etkinleştirir.",
    "settings.python.analysis.ignore.description": "Eklenen bir dosya olsalar veya eklenen bir dosyanın geçici kapanışı içinde yer alsalar bile tanılama çıkışının (hatalar ve uyarılar) durdurulması gereken dizinlerin veya dosyaların yolları. \r\n\r\nYollar, '**' (bir dizin veya birden çok dizin düzeyi), `*` (bir sıfır dizisi veya daha fazla karakter) veya ? (tek bir karakter) joker karakterlerini içerebilir. \r\n\r\nYol bir `${workspaceFolder:<workspaceName>}` değişkeni içeriyorsa glob deseni yalnızca çok köklü çalışma alanı ortamında buna karşılık gelen çalışma alanına uygulanır.",
    "settings.python.analysis.importFormat.description": "Modülleri içeri aktarmak için varsayılan biçimi tanımlar.",
    "settings.python.analysis.include.description": "Eklenmesi gereken dizinlerin veya dosyaların yolları. Yol belirtilmezse, Pylance çalışma alanı kök dizinini varsayılan olarak ayarlar. \r\n\r\nYollar, '**' (bir dizin veya birden çok dizin düzeyi), `*` (bir sıfır dizisi veya daha fazla karakter) veya ? (tek bir karakter) joker karakterlerini içerebilir. \r\n\r\nYol bir `${workspaceFolder:<workspaceName>}` değişkeni içeriyorsa glob deseni yalnızca çok köklü çalışma alanı ortamında buna karşılık gelen çalışma alanına uygulanır.",
    "settings.python.analysis.includeAliasesFromUserFiles.description": "Kullanıcı dosyalarından diğer ad sembolleri ekleyin. Bu, 'içeri aktarma ekle', 'otomatik içeri aktarma' gibi özelliklerde diğer ad sembolleri gösterir",
    "settings.python.analysis.indexing.description": "Otomatik içeri aktarma, içeri aktarmayı, çalışma alanı sembollerini vb. ekleme gibi dil özellikleri için yüklenen üçüncü taraf kitaplıkları ve kullanıcı dosyaları için dizin oluşturmayı etkinleştirin.",
    "settings.python.analysis.inlayHints.callArgumentNames.description": "Çağrı bağımsız değişken adları ile ilgili yerleşik ipuçlarını etkinleştirin/devre dışı bırakın:\r\n```python\r\ndatetime('year='2019, 'month='10, 'day='27)\r\n```\r\n",
    "settings.python.analysis.inlayHints.functionReturnTypes.description": "İşlev dönüş türleri ile ilgili yerleşik ipuçlarını etkinleştirin/devre dışı bırakın:\r\n```python\r\ndef foo(x:int) '-> int':\r\n\treturn x\r\n```\r\n",
    "settings.python.analysis.inlayHints.pytestParameters.description": "Pytest işlev parametre türleri ile ilgili yerleşik ipuçlarını etkinleştirin/devre dışı bırakın:\r\n```python\r\ndef test_foo(my_fixture: 'str'):\r\n\tassert(my_fixture == 'foo')\r\n```\r\n",
    "settings.python.analysis.inlayHints.variableTypes.description": "Değişken türleri ile ilgili yerleşik ipuçlarını etkinleştir/devre dışı bırak. Değişmezlerin veya sabitlerin atamaları için ipuçları görüntülenmez:\r\n```python\r\nfoo':list[str]' = [\"a\"]\r\n \r\n```\r\n",
    "settings.python.analysis.logLevel.description": "Çıkış paneli için günlüğe kaydetme düzeyini belirtir",
    "settings.python.analysis.nodeArguments.description": "python.analysis.nodeExecutable` ayarlandığında dil sunucusunu çalıştırmak için kullanılacak Node.js yürütülebilir dosyasına aktarılacak ek bağımsız değişkenler. Varsayılan değer `--max_old_space_size=8192`.",
    "settings.python.analysis.nodeExecutable.description": "Dil sunucusunu çalıştırmak için kullanılacak Node.js yürütülebilir dosyasının yolu. Belirtilmezse, dil sunucusu VS Code ile gönderilen Node.js yürütülebilir dosyasını kullanır. \"otomatik\" seçeneğine ayarlanırsa, otomatik olarak [nodejs](https://nodejs.org/dist/) adresinden bir sürüm indirecektir. Pylance'da belleğin yetersiz kalmasıyla ilgili sorun yaşıyorsanız bu seçeneği ayarlayın. Daha fazla bilgi için [buraya](https://aka.ms/AApf7ox) bakın.",
    "settings.python.analysis.packageIndexDepths.description": "Used to override how many levels under installed packages to index on a per package basis. By default, only top-level modules are indexed (depth = 1). To index submodules, increase depth by 1 for each level of submodule you want to index. Accepted values are:\r\n```JSON\r\n{\"name\": \"package name (str)\",\r\n \"depth\": \"depth to scan (int)\",\r\n \"includeAllSymbols\": \"whether to include all symbols (bool)\"}\r\n\r\n```\r\nIf `includeAllSymbols` is set to `false`, only symbols in each package's `__all__` are included. When it's set to `true`, Pylance will index every module/top level symbol declarations in the file.  \r\n  \r\nUsage example: \r\n```JSON\r\n[\r\n\t{\"name\": \"sklearn\", \"depth\": 2, \"includeAllSymbols\": true},\r\n\t{\"name\": \"matplotlib\", \"depth\": 3, \"includeAllSymbols\": false}\r\n]\r\n\r\n```\r\n",
    "settings.python.analysis.persistAllIndices.description": "Tüm üçüncü taraf kitaplıkların dizinleri kalıcı olarak diske depolanır.",
    "settings.python.analysis.pyrightVersion.description": "Tanılama için kullanılacak Pyright sürümünü belirtir. İzin verilen en düşük değer 1.1.397'dir. Bu ayar yalnızca 'python.analysis.diagnosticsSource' 'Pyright' olarak ayarlandığında kullanılır. \r\n\r\nBu değer şu değerlerden biri olabilir:\r\n- Sürüm dizesi = yani 1.1.397\r\n- Yerel bir pyright-langserver.js dosyasının yolu (bu dosya da en az 1.1.397 veya daha yüksek bir sürümden olmalıdır).",
    "settings.python.analysis.regenerateStdLibIndices.description": "Tüm Python sürümleri için paylaşılan stdlib.json dizinlerine bağlı olmak yerine, her çalışma alanının belirli Python sürümüne ve platformuna uyarlanmış benzersiz dizinler oluşturun. Bu yeniden oluşturma işlemi, önceden oluşturulmuş stdlib dizinlerini kullanmanın aksine performansı etkiler.",
    "settings.python.analysis.reportExtraTelemetry.description": "Ek [Deneysel] telemetrisini bildirin. Yalnızca kuruluş içinde kullanım içindir, Pylance’ın yavaşlamasına neden olabilir.",
    "settings.python.analysis.showOnlyDirectDependenciesInAutoImport.description": "Varsa, yalnızca `auto import` önerilerinde `requirements.txt` veya `pyproject.toml` altında bildirilen doğrudan bağımlılıkları gösterin. Bu yalnızca tamamlamalar için kullanılan `auto import` önerilerini etkiler. `add import` kod eylemi tüm olası içeri aktarmaları göstermeye devam eder.",
    "settings.python.analysis.stubPath.description": "Özel tür saplama dosyalarını içeren dizinin yolu.",
    "settings.python.analysis.supportAllPythonDocuments.description": "Tüm Python belgeleri için desteği etkinleştirin/devre dışı bırakın. Bu, terminal veya fark görünümleri gibi diğer belgelerde Pylance IntelliSense’i etkinleştirir. \r\n\r\n[Deneysel]. Yalnızca kuruluş içinde kullanım içindir, Pylance’ın çalışmayı durdurmasına neden olabilir.",
    "settings.python.analysis.supportDocstringTemplate.description": "reStructuredText docstring oluşturmayı etkinleştirin veya devre dışı bırakın. Şablonlar, üçlü tırnak işaretleri yazıldıktan sonra veya boş docstring içinde kod eylemi yoluyla görüntülenir.",
    "settings.python.analysis.supportRestructuredText.description": "Enable/disable support for reStructuredText in docstrings.",
    "settings.python.analysis.typeEvaluation.analyzeUnannotatedFunctions.description": "Giriş parametreleri veya dönüş türleri için tür ek açıklaması olmayan işlevler ve yöntemler için hataları analiz edin ve bildirin. Bu ayar varsayılan olarak 'true' değerindedir.",
    "settings.python.analysis.typeEvaluation.deprecateTypingAliases.description": "[PEP 585](https://peps.python.org/pep-0585), standart koleksiyonlarda yalnızca genel türleri desteklemek için sunulmuş olan türlerin diğer adlarının Python 3.9'dan sonra kullanım dışı bırakıldığını belirtir. Bu anahtar, bunların kullanım dışı olarak değerlendirilip değerlendirilmeyeceğini denetler. Bu yalnızca pythonVersion 3.9 veya üzeri olduğunda geçerlidir. Bu ayar varsayılan olarak 'false' değerindedir ancak gelecekte 'true' olarak değiştirilebilir.",
    "settings.python.analysis.typeEvaluation.disableBytesTypePromotions.description": "`bytearray` ve `memoryview` öğesinin `bytes` alt türleri olarak kabul edildiği eski davranışı devre dışı bıraktır. [PEP 688](https://peps.python.org/pep-0688/#no-special-meaning-for-bytes) bu davranışı kullanım dışı bıraksa da eski davranışı geri yüklemek için bu anahtar sağlanır. Bu ayar varsayılan olarak `false` değerindedir.",
    "settings.python.analysis.typeEvaluation.enableExperimentalFeatures.description": "Python yazma standardı için önerilen veya keşif değişikliklerine karşılık gelen deneysel (çoğunlukla belgelenmemiş) özellikler kümesini etkinleştirir. Bu özellikler değişmesi veya kaldırılması olası olduğundan deneme amaçları dışında kullanılmamalıdır. Bu ayar varsayılan olarak `false` değerindedir.",
    "settings.python.analysis.typeEvaluation.enableReachabilityAnalysis.description": "Etkinleştirilirse, tür analizi tarafından ulaşılamaz olduğu belirlenen kod, etiketli bir ipucu kullanılarak raporlanır. Bu ayar, tür analizine bakılmaksızın ulaşılamaz olduğu belirlenen kodu etkilemez; bu tür kodlar her zaman ulaşılamaz olarak raporlanır. Bu ayar, komut satırı sürümü pyright kullanılırken de etkiye sahip değildir çünkü pyright, erişilemeyen kod için hiçbir zaman etiketli ipuçları vermez.",
    "settings.python.analysis.typeEvaluation.enableTypeIgnoreComments.description": "[PEP 484](https://peps.python.org/pep-0484), `# type: ignore` yorumları için destek tanımlar. Bu anahtar, bu yorumlar için desteği etkinleştirir veya devre dışı bırakır. Bu ayar varsayılan olarak 'true' değerindedir. Bu, `# pyright: ignore` yorumlarını etkilemez.",
    "settings.python.analysis.typeEvaluation.strictDictionaryInference.description": "Sözlük anahtarlarının ve değerlerinin türünü çıkarsarken katı tür varsayımları kullanın. Örneğin, \r\n\r\n```python\r\n{'a': 1, 'b': 'a'}\r\n```\r\n ifadesi, 'dict[str, Any]' veya 'dict[str, int | str]' türünde olarak çıkarsanabilir. Bu ayar true ise, ikinci (daha katı) türü kullanır. Bu ayar varsayılan olarak 'false' değerindedir.",
    "settings.python.analysis.typeEvaluation.strictListInference.description": "Bir listenin türü çıkarsanırken katı tür varsayımları kullanın. Örneğin, \r\n\r\n```python\r\n[1, 'a', 3.4]\r\n```\r\n ifadesi `list[Any]` veya `list[int | str | float]` türünde çıkarsanabilir. Bu ayar true ise, ikinci (daha katı) türü kullanır. Bu ayar varsayılan olarak 'false' değerindedir.",
    "settings.python.analysis.typeEvaluation.strictParameterNoneValue.description": "[PEP 484](https://peps.python.org/pep-0484), bir işlev parametresine varsayılan olarak None değeri atandığında açık tür öyle olmasa bile türü örtük olarak Optional olmalıdır. Bu kural etkinleştirildiğinde, parametre türü ek açıklamaları bu durumda açıkça Optional kullanmalıdır. Bu ayar varsayılan olarak 'true' değerindedir.",
    "settings.python.analysis.typeEvaluation.strictSetInference.description": "When inferring the type of a set, use strict type assumptions. For example, the expression \r\n\r\n```python\r\n{1, 'a', 3.4}\r\n```\r\n could be inferred to be of type `set[Any]` or `set[int | str | float]`. If this setting is true, it will use the latter (stricter) type. The default value for this setting is `false`.",
    "settings.python.analysis.typeServerArguments.description": "Tür sunucusuna geçirilecek bağımsız değişkenler. Yalnızca kuruluş içinde kullanım içindir, Pylance’in çalışmayı durdurmasına neden olabilir.",
    "settings.python.analysis.typeServerExecutable.description": "Özel tür sunucusunun yolu. Yalnızca kuruluş içinde kullanım içindir, Pylance’in çalışmayı durdurmasına neden olabilir.",
    "settings.python.analysis.typecheckingMode.description": "Tür denetimi için varsayılan kural kümesini tanımlar.",
    "settings.python.analysis.typeshedPaths.description": "Paths to look for typeshed modules.",
    "settings.python.analysis.useLibraryCodeForTypes.description": "Tür saplaması olmadığında, tür bilgilerini ayıklamak için kitaplık uygulamalarını kullanın.",
    "settings.python.analysis.usePullDiagnostics.description": "Pylance'den tanılamaları çekmek için desteği etkinleştirin veya devre dışı bırakın (bunları Pylance'in göndermesi yerine). \r\n\r\n[Deneysel], tanılamaların gösterilmemesine neden olabilir.",
    "settings.python.analysis.userFileIndexingLimit.description": "Çalışma alanında dizini oluşturulacak maksimum kullanıcı dosyası sayısı. Dosya dizini oluşturma performans yoğun bir görevdir. Dizin oluşturmamızı istediğiniz dosya sayısını sınırlamak için bu ayarı kullanın. -1 değerini girerseniz, tüm dosyaların dizini oluşturulur.",
    "settings.typecheckingMode.basic.description": "`off` + `basic` tür denetimi kurallarından tüm kurallar.",
    "settings.typecheckingMode.compare.description": "Tür denetleme modları Basic, Standard ve Strict:\r\n\r\n| Özellik                                  | Basic | Standard | Strict |\r\n|------------------------------------------|:-----:|:--------:|:------:|\r\n| Değişken türü uyuşmazlıkları                 |   ✅   |    ✅     |   ✅   |\r\n| İşlev dönüş türü denetimleri             |   ✅   |    ✅     |   ✅   |\r\n| Tür daraltma zorlaması                   |       |    ✅     |   ✅   |\r\n| `Any` türünün denetimi                   |       |    ✅     |   ✅   |\r\n| Özel/korumalı erişim denetimleri         |       |    ✅     |   ✅   |\r\n| Daha katı genel tür kullanımını zorlar    |       |    ✅     |   ✅   |\r\n| Eksik olan tür ek açıklamalarını bildirir         |       |          |   ✅   |\r\n| `Any` türü kullanımını yasaklar          |       |          |   ✅   |\r\n| Katı tür uyumluluğu gerektirir            |       |          |   ✅   |\r\n| Tam tür kapsamını zorlar                  |       |          |   ✅   |\r\n\r\nDaha fazla ayrıntı için [Pyright documentation](https://microsoft.github.io/pyright/#/configuration?id=type-check-diagnostics-settings) belgelerine bakın.",
    "settings.typecheckingMode.off.description": "Geçersiz söz dizimi, çözülmemiş içeri aktarmalar, tanımlanmamış değişkenler ile ilgili tanılamaları gösterin.",
    "settings.typecheckingMode.standard.description": "`basic` + `standard` tür denetimi kurallarından tüm kurallar.",
    "settings.typecheckingMode.strict.description": "'standard' + 'strict' tür denetimi kurallarından tüm kurallar."
}
