{
    "ClientLoc.FindMatchingEnv.noEnvsFound": "Nepovedlo se nám najít prostředí, ve kterých jsou tyto balíčky nainstalované. Chcete nainstalovat chybějící balíčky?",
    "ClientLoc.FindMatchingEnv.scanningCancelled": "Prohledávání bylo zrušeno.",
    "ClientLoc.FindMatchingEnv.scanningInProgress": "Vyhledávají se balíčky používané v tomto souboru v prostředí {0} ({1}/{2}).",
    "ClientLoc.FindMatchingEnv.switchToEnv": "Zjistili jsme, že v prostředí {0} už jsou nainstalované balíčky použité v tomto souboru. Chcete na něj přepnout?",
    "ClientLoc.InstallMissingPkgs.placeholder": "Vyberte balíčky, které chcete nainstalovat v aktuálním prostředí.",
    "ClientLoc.InstallMissingPkgs.title": "Vyberte balíčky k instalaci",
    "ClientLoc.ServerRestart.crashMessage": "Došlo k chybovému ukončení Pylance.",
    "ClientLoc.ServerRestart.crashRestartingMessage": "Došlo k chybovému ukončení Pylance. Když vyberete spustitelný soubor Node.js pro spuštění Pylance, Pylance se restartuje.",
    "ClientLoc.ServerRestart.restartingMessage": "Restartuje se Pylance pomocí Node.js...",
    "ClientLoc.ServerRestart.selectButton": "Vybrat",
    "ClientLoc.ServerRestart.selectNodeJsTitle": "Vybrat spustitelný soubor Node.js pro spuštění Pylance",
    "ClientLoc.TroubleshootMissingImports.apiNotFound": "Rozhraní API rozšíření Prostředí Pythonu nejsou k dispozici. Ujistěte se prosím, že je rozšíření nainstalované a povolené.",
    "ClientLoc.TroubleshootMissingImports.envExtensionRequired": "Tato rychlá oprava vyžaduje, aby bylo nainstalované a povolené rozšíření Prostředí Pythonu.",
    "ClientLoc.TroubleshootMissingImports.moduleNotFound": "Balíček {0} je nainstalovaný, ale modul {1} nemusí být k dispozici. Nemusí existovat v nainstalované verzi nebo se může vytvořit dynamicky za běhu. Zkuste si projít dokumentaci k balíčku nebo provést aktualizaci na kompatibilní verzi.",
    "ClientLoc.askNodeSafetyQuestion": "Služba Pylance je nakonfigurovaná tak, aby běžela s {0}. Chcete ke spuštění služby Pylance použít tento spustitelný soubor?",
    "ClientLoc.autoImportCompletionsStatusItem.name": "Režim dokončení automatického importu v Pythonu",
    "ClientLoc.autoImportCompletionsStatusItem.text": "Dokončení automatického importu: {0}",
    "ClientLoc.autoImportCompletionsStatusItem.titleOff": "Přepnout na vypnuto",
    "ClientLoc.autoImportCompletionsStatusItem.titleOn": "Přepnout na zapnuto",
    "ClientLoc.copilotOutputChannelName": "Pylance Copilot Server",
    "ClientLoc.crashTooManyRestarts": "Během posledních 3 minut došlo 5krát k chybě Pylance. Služba Pylance nebude restartována. Další podrobnosti najdete na [tomto odkazu](https://aka.ms/AApf7ox).",
    "ClientLoc.pylanceAndPythonPrereleaseExtensionMismatch": "Rozšíření Pylance a Python mají nekompatibilní sdílené závislosti.\r\nUjistěte se prosím, že obě rozšíření mají nejnovější předběžnou verzi.",
    "ClientLoc.pylanceAndPythonStableExtensionMismatch": "Rozšíření Pylance a Python mají nekompatibilní sdílené závislosti.\r\nUjistěte se prosím, že obě rozšíření mají nejnovější stabilní verzi.",
    "ClientLoc.typeCheckingModeStatusItem.name": "Režim kontroly typů v Pythonu",
    "ClientLoc.typeCheckingModeStatusItem.pickerPlaceholder": "Aktuální režim: {0}. Vyberte režim kontroly typů.",
    "ClientLoc.typeCheckingModeStatusItem.pickerSettingsPage": "zobrazit na stránce nastavení",
    "ClientLoc.typeCheckingModeStatusItem.textFormatted": "Kontrola typů: {0}",
    "ClientLoc.typeCheckingModeStatusItem.textFormattedFromConfig": "Kontrola typů: {0} (z {1})",
    "ClientLoc.typeCheckingModeStatusItem.title": "Vybrat režim kontroly typů",
    "ClientLoc.typeCheckingModeStatusItem.titleConfig": "Otevřít konfiguraci",
    "ClientLoc.typeCheckingRecommendation.suggestionMessage": "Služba Pylance zjistila ve vašem kódu anotace typů a doporučuje povolit kontrolu typů. Chcete toto nastavení změnit?",
    "ClientLoc.updateSettingsErrorMsgFormatted": "Aktualizace nastavení „{0}.{1}“ se nezdařila.",
    "Common.Help": "Nápověda",
    "Common.No": "Ne",
    "Common.Yes": "Ano",
    "Common.dismiss": "Zavřít",
    "Common.learnMore": "Další informace",
    "Common.reload": "Načíst znovu",
    "Common.remindMeLater": "Připomenout později",
    "LanguageServer.settingsMigratedMessage": "Nastavení použitelná pro Microsoft Language Server se zkopírovala do nastavení Pylance. Podrobnosti najdete v souborech settings.json.",
    "LanguageServer.settingsMigrationError": "Následující nastavení není možné migrovat:",
    "LanguageServer.settingsNotOverridable": "{0} nelze nastavit, pokud se používá soubor pyrightconfig.json nebo pyproject.toml.",
    "Refactoring.MoveSymbol.newFileDetail": "Zadejte cestu nebo vyberte cílový soubor",
    "Refactoring.MoveSymbol.newFileLabel": "Zadejte cestu k cílovému souboru.",
    "Refactoring.MoveSymbol.openDialogOpenLabel": "Vybrat",
    "Refactoring.MoveSymbol.openDialogTitle": "Vyberte nový soubor, do kterého chcete symbol přesunout...",
    "Refactoring.MoveSymbol.progressBarTitle": "Přesunout symbol do...",
    "Refactoring.MoveSymbol.quickPickPlaceHolder": "Hledat cílový soubor",
    "Refactoring.MoveSymbol.quickPickTitle": "Vyberte cíl pro přesun",
    "Refactoring.MoveSymbol.separatorText": "Cílové soubory",
    "Refactoring.SearchImports.quickPickPlaceHolder": "Hledat importy",
    "Refactoring.SearchImports.quickPickTitle": "Hledat další odpovídající importy",
    "commands.pylance.docstrings.fold.title": "Pylance: Docstring – sbalit všechny",
    "commands.pylance.docstrings.unfold.title": "Pylance: Docstring – rozbalit všechny",
    "commands.pylance.gotoOutputChannel.title": "Pylance: Přejít na výstupní kanál",
    "commands.pylance.indexing.clearPersistedIndices.title": "Pylance: Vymazat všechny trvalé indexy",
    "commands.pylance.logging.start.title": "Pylance: Spustit protokolování",
    "commands.pylance.logging.stop.title": "Pylance: Zastavit protokolování",
    "commands.pylance.profiling.start.title": "Pylance: Spustit profilaci",
    "commands.pylance.profiling.stop.title": "Pylance: Zastavit profilaci",
    "commands.pylance.reportIssue.title": "Pylance: Nahlásit problém...",
    "commands.pylance.runCurrentFileInSandbox.title": "Pylance: Spustit aktuální soubor v sandboxu",
    "settings.languageServerMode.default.description": "Umožňuje pro Pylance zachovat výchozí nastavení.",
    "settings.languageServerMode.description": "Umožňuje pro nastavení vybrat předdefinovanou sadu hodnot. Další podrobnosti najdete na [tomto odkazu](https://aka.ms/languageserver-mode).",
    "settings.languageServerMode.full.description": "Ve výchozím nastavení povolí většinu funkcí Pylance. Podle odkazu v popisu přesně zjistíte, na jakou hodnotu jsou nakonfigurována konkrétní nastavení.",
    "settings.languageServerMode.light.description": "Umožňuje nastavit Pylance do odlehčeného režimu, ve kterém bude provádět pouze nezbytné úlohy. Podle odkazu v popisu přesně zjistíte, na jakou hodnotu jsou nakonfigurována konkrétní nastavení.",
    "settings.python.analysis.aiCodeActions.convertFormatString.description": "Umožňuje povolit nebo zakázat AI asistenci při převodu zřetězení řetězců na f-string nebo format().",
    "settings.python.analysis.aiCodeActions.convertLambdaToNamedFunction.description": "Umožňuje povolit nebo zakázat pomoc AI při převodu výrazů lambda na pojmenované funkce.",
    "settings.python.analysis.aiCodeActions.description": "Povolte nebo zakažte akce s kódem pomocí AI. Vyžaduje, aby bylo povolené rozšíření pro Copilot Chat.",
    "settings.python.analysis.aiCodeActions.generateDocstring.description": "Povolit nebo zakázat asistenci AI při generování řetězců reStructuredText docstrings. Trigger s akcí kódu uvnitř prázdných řetězců docstrings.",
    "settings.python.analysis.aiCodeActions.generateSymbol.description": "Umožňuje povolit nebo zakázat pomoc SI při generování symbolů, jako je třída, funkce a proměnná.",
    "settings.python.analysis.aiCodeActions.implementAbstractClasses.description": "Umožňuje povolit nebo zakázat pomoc AI při implementaci zděděných abstraktních tříd.",
    "settings.python.analysis.aiHoverSummaries.description": "Umožňuje povolit nebo zakázat pomoc od AI, aby se v popisu při najetí myší zobrazovaly souhrny vygenerované copilotem. Tato funkce vyžaduje předplatné GitHub Copilot Pro nebo Pro+.",
    "settings.python.analysis.autoFormatStrings.description.message": "Při psaní { do řetězce automaticky před řetězec zadejte znak f.",
    "settings.python.analysis.autoImportCompletions.description": "Povolte dokončování automatického importu.",
    "settings.python.analysis.autoIndent.description": "Při psaní kódu Pythonu automaticky upravujte odsazení na základě sémantiky jazyka.",
    "settings.python.analysis.autoSearchPaths.description": "Automaticky přidat společné cesty pro hledání, třeba src.",
    "settings.python.analysis.autoSplitStrings.description": "Při rozdělování řetězců automaticky přidává znaky uvozovek a pokračování řádků",
    "settings.python.analysis.cacheLSPData.description": "Ukládáním dat LSP do mezipaměti lze dosáhnout rychlejšího doplňování. \r\n\r\n[Experimentální]: Může způsobit, že Pylance přestane fungovat.",
    "settings.python.analysis.completeFunctionParens.description": "Přidejte závorky do dokončování funkcí.",
    "settings.python.analysis.diagnosticMode.description": "Obor analýzy pro zobrazení diagnostiky.",
    "settings.python.analysis.diagnosticSeverityOverrides.description": "Umožňuje uživateli přepsat úrovně závažnosti pro jednotlivé diagnostiky. \r\n\r\nJako klíč použijte název pravidla a jako hodnotu použijte jeden z error, warning, information, none, true (alias pro error) nebo false (alias pro none). Výchozí hodnota zobrazená pro každou diagnostiku je výchozí, pokud je vlastnost python.analysis.typeCheckingMode nastavena na hodnotu off. Výchozí hodnoty pro každý režim kontroly typů najdete [tady](https://github.com/microsoft/pyright/blob/main/docs/configuration.md#diagnostic-rule-defaults) (off, basic a strict).",
    "settings.python.analysis.diagnosticsSource.description": "Umožňuje zadat jiný jazykový server, který se má použít pro diagnostiku. Pylance zkombinuje své výsledky s tímto jiným serverem.",
    "settings.python.analysis.diagnosticsSource.mypy.description": "Pro diagnostiku používat mypy. Vyžaduje instalaci [rozšíření Mypy pro kontrolu typů](https://marketplace.visualstudio.com/items?itemName=ms-python.mypy-type-checker).",
    "settings.python.analysis.diagnosticsSource.pylance.description": "Pro diagnostiku používat Pylance. (výchozí)",
    "settings.python.analysis.diagnosticsSource.pyright.description": "Pro diagnostiku používat Pyright. Umožňuje spustit jinou verzi nástroje Pyright než tu, která je dodávána s rozšířením Pylance.",
    "settings.python.analysis.diagnosticsSource.ruff.description": "Pro diagnostiku používat rozšíření Ruff. Vyžaduje instalaci [rozšíření Ruff](https://marketplace.visualstudio.com/items?itemName=charliermarsh.ruff).",
    "settings.python.analysis.disableTaggedHints.description": "Zakažte diagnostiku nápovědy se speciální nápovědou pro zašedlý nebo přeškrtnutý text.",
    "settings.python.analysis.displayEnglishDiagnostics.description": "Zobrazí diagnostiku v angličtině bez ohledu na jazyk zobrazení VS Code.",
    "settings.python.analysis.enableAsyncProgram.description": "Umožňuje povolit nebo zakázat asynchronní komunikaci s interním typem serveru. Jen pro interní použití. Může dojít k tomu, že Pylance přestane fungovat.",
    "settings.python.analysis.enableColorPicker.description": "Umožňuje povolit nebo zakázat výběr barev v editoru pro řetězce #RRGGBB a #RRGGBBAA.",
    "settings.python.analysis.enableCompactContext.description": "Umožňuje povolit nebo zakázat experimentální kontext. Jen pro interní použití. Může dojít k tomu, že Pylance přestane fungovat.",
    "settings.python.analysis.enableEditableInstalls.description": "V případě použití Pythonu 3.13 a vyšší verze povolte podporu pro upravitelné instalace balíčků, a to podle popisu v dokumentu [PEP 660](https://peps.python.org/pep-0660/). \r\n\r\n[Experimentální]. Jen pro interní použití. Může dojít k tomu, že Pylance přestane fungovat.",
    "settings.python.analysis.enablePerfTelemetry.description": "Povolí interní telemetrii výkonu, pokud je v VS Code povolená telemetrie.",
    "settings.python.analysis.enablePrecomputeContext.description": "Povolit nebo zakázat experimentální kontext předběžného předpočítání. Jen pro interní použití. Může dojít k tomu, že Pylance přestane fungovat.",
    "settings.python.analysis.enablePytestSupport.description": "Povolí podporu pytestu v Pylance.",
    "settings.python.analysis.enableSnippetExtraTelemetry.description": "Povolit nebo zakázat rozšířenou telemetrii pro spouštění ukázek kódu. Jen pro interní použití. Může dojít k tomu, že Pylance přestane fungovat.",
    "settings.python.analysis.enableTroubleshootMissingImports.description": "Povolte nebo zakažte rychlou opravu pro řešení potíží s chybějícími importy. Tato rychlá oprava vyžaduje, aby bylo nainstalované a povolené rozšíření Prostředí Pythonu.",
    "settings.python.analysis.exclude.description": "Cesty adresářů nebo souborů, které by neměly být zahrnuty. Tyto adresáře přepíší adresáře zahrnutí, což umožňuje vyloučit konkrétní podadresáře. \r\n\r\nVšimněte si, že soubory v cestách pro vyloučení mohou být i nadále zahrnuty do analýzy, pokud jsou odkazovány (importovány) zdrojovými soubory, které nejsou vyloučeny. \r\n\r\nCesty můžou obsahovat zástupné znaky ** (adresář nebo více úrovní adresářů), * (posloupnost nula nebo více znaků) nebo ? (jeden znak). \r\n\r\nPokud nejsou zadány žádné cesty pro vyloučení, Pylance automaticky vyloučí následující: `**/node_modules`, `**/__pycache__`, `.git` a všechny adresáře virtuálního prostředí. Pokud cesta obsahuje proměnnou ${workspaceFolder:<workspaceName>}, vzor glob se použije jenom pro odpovídající pracovní prostor v prostředí s vícekořenovými pracovními prostory.",
    "settings.python.analysis.extraCommitChars.description": "Pokud je to možné, povolte použití znaku „.“ „,“ (jako potvrzovacích znaků).",
    "settings.python.analysis.extraPaths.description": "Další cesty k překladu hledání importu",
    "settings.python.analysis.findRefsInBackgroundThread.description": "Umožňuje povolit nebo zakázat spuštění příkazu Najít všechny odkazy ve vlákně na pozadí. Jen pro interní použití. Může dojít k tomu, že Pylance přestane fungovat.",
    "settings.python.analysis.fixAll.description": "opravy zdrojů, které se mají spustit při opravě všeho.",
    "settings.python.analysis.generateWithTypeAnnotation.description": "Při generování kódu přidejte poznámky o typu. Výchozí hodnota pro režim kontroly typů „off“ je false a pro ostatní režimy je true.",
    "settings.python.analysis.gotoDefinitionInStringLiteral.description": "U řetězcových literálů, které vypadají jako názvy modulů, umožňuje přejít k definici modulu.",
    "settings.python.analysis.ignore.description": "Cesty k adresářům nebo souborům, jejichž diagnostický výstup (chyby a upozornění) by se měl potlačit, i když se jedná o zahrnutý soubor nebo v rámci přechodného uzavření zahrnutého souboru. \r\n\r\nCesty můžou obsahovat zástupné znaky ** (adresář nebo více úrovní adresářů), * (posloupnost nula nebo více znaků) nebo ? (jeden znak). \r\n\r\nPokud cesta obsahuje proměnnou ${workspaceFolder:<workspaceName>}, vzor glob se použije jenom pro odpovídající pracovní prostor v prostředí s vícekořenovými pracovními prostory.",
    "settings.python.analysis.importFormat.description": "Definuje výchozí formát pro import modulů.",
    "settings.python.analysis.include.description": "Cesty adresářů nebo souborů, které by měly být zahrnuty. Pokud nejsou zadány žádné cesty, je výchozím adresářem Pylance kořenový adresář pracovního prostoru. \r\n\r\nCesty můžou obsahovat zástupné znaky ** (adresář nebo více úrovní adresářů), * (posloupnost nula nebo více znaků) nebo ? (jeden znak). \r\n\r\nPokud cesta obsahuje proměnnou ${workspaceFolder:<workspaceName>}, vzor glob se použije jenom pro odpovídající pracovní prostor v prostředí s vícekořenovými pracovními prostory.",
    "settings.python.analysis.includeAliasesFromUserFiles.description": "Umožňuje zahrnout symboly aliasů ze souborů uživatelů. Díky tomu se symboly aliasů zobrazí ve funkcích, jako je přidání importu add import nebo automatický import auto import.",
    "settings.python.analysis.indexing.description": "Povolte indexování nainstalovaných knihoven třetích stran a uživatelských souborů pro jazykové funkce, jako je automatický import, přidání importu, symboly pracovního prostoru atd.",
    "settings.python.analysis.inlayHints.callArgumentNames.description": "Povolit nebo zakázat vložené upozornění pro názvy argumentů volání:\r\n```python\r\ndatetime('year='2019, 'month='10, 'day='27)\r\n```\r\n",
    "settings.python.analysis.inlayHints.functionReturnTypes.description": "Povolit nebo zakázat vložené upozornění pro návratové typy funkcí:\r\n```python\r\ndef foo(x:int) '-> int':\r\n\treturn x\r\n```\r\n",
    "settings.python.analysis.inlayHints.pytestParameters.description": "Povolit nebo zakázat vložené upozornění pro typy parametrů funkce pytest:\r\n```python\r\ndef test_foo(my_fixture: 'str'):\r\n\tassert(my_fixture == 'foo')\r\n```\r\n",
    "settings.python.analysis.inlayHints.variableTypes.description": "Povolit nebo zakázat vložené upozornění pro typy proměnných. Pro přiřazení literálů nebo konstant se nezobrazují nápovědy:\r\n```python\r\nfoo':list[str]' = [\"a\"]\r\n \r\n```\r\n",
    "settings.python.analysis.logLevel.description": "Určuje úroveň protokolování pro panel Výstup.",
    "settings.python.analysis.nodeArguments.description": "Další argumenty, které se mají předat spustitelnému souboru Node.js, který se použije ke spuštění jazykového serveru při nastavení python.analysis.nodeExecutable. Výchozí hodnota je --max_old_space_size=8192.",
    "settings.python.analysis.nodeExecutable.description": "Cesta ke spustitelnému souboru Node.js, který se má použít pro spuštění jazykového serveru. Pokud se nezadá, jazykový server použije spustitelný soubor Node.js dodávaný s editorem VS Code. Pokud je nastaveno na Auto, automaticky se stáhne verze z [nodejs](https://nodejs.org/dist/). Tuto možnost nastavte, pokud máte potíže s vyčerpáním paměti Pylance. Další informace najdete [tady](https://aka.ms/AApf7ox).",
    "settings.python.analysis.packageIndexDepths.description": "Používá se k přepsání počtu úrovní v rámci nainstalovaných balíčků, které se mají indexovat na základě jednotlivých balíčků. Ve výchozím nastavení se indexují pouze moduly nejvyšší úrovně (depth = 1). Pokud chcete indexovat dílčí moduly, zvyšte hloubku (depth) o 1 pro každou úroveň dílčího modulu, který chcete indexovat. Přijímané hodnoty jsou:\r\n```JSON\r\n{\"name\": \"package name (str)\",\r\n \"depth\": \"depth to scan (int)\",\r\n \"includeAllSymbols\": \"whether to include all symbols (bool)\"}\r\n\r\n```\r\nPokud je možnost includeAllSymbols nastavená na false, budou zahrnuty pouze symboly v __all__ každého balíčku. Když je nastavená na true, Pylance indexuje všechny deklarace symbolů modulu nebo nejvyšší úrovně v souboru.  \r\n  \r\nPříklad použití: \r\n```JSON\r\n[\r\n\t{\"name\": \"sklearn\", \"depth\": 2, \"includeAllSymbols\": true},\r\n\t{\"name\": \"matplotlib\", \"depth\": 3, \"includeAllSymbols\": false}\r\n]\r\n\r\n```\r\n",
    "settings.python.analysis.persistAllIndices.description": "Indexy pro všechny knihovny třetích stran se budou uchovávat na disku.",
    "settings.python.analysis.pyrightVersion.description": "Určuje verzi nástroje Pyright, která se má použít pro diagnostiku. Minimální povolená hodnota je 1.1.397. Toto nastavení se používá pouze v případě, že je možnost python.analysis.diagnosticsSource nastavena na Pyright. \r\n\r\nMůže jít o jednu z těchto hodnot:\r\n- Řetězec verze = tj. 1.1.397\r\n- Cesta k místnímu souboru pyright-langserver.js (který musí také pocházet z verze 1.1.397 nebo vyšší).",
    "settings.python.analysis.regenerateStdLibIndices.description": "Místo využívání sdílených indexů stdlib.json pro všechny verze Pythonu vygenerujte pro každý pracovní prostor jedinečné indexy přizpůsobené konkrétní verzi a platformě Pythonu. Na rozdíl od použití předem vytvořených indexů stdlib bude mít tento proces opětovného generování vliv na výkon.",
    "settings.python.analysis.reportExtraTelemetry.description": "Nahlásit další telemetrii [experimentální]. Jenom pro interní použití, může dojít ke zpomalení Pylance.",
    "settings.python.analysis.showOnlyDirectDependenciesInAutoImport.description": "Zobrazit pouze přímé závislosti deklarované v requirements.txt nebo pyproject.toml v návrzích „automatického importu“, pokud existují. To se týká jenom „automatického importu“ pro dokončení. Akce kódu „přidat import“ bude i nadále zobrazovat všechny možné importy.",
    "settings.python.analysis.stubPath.description": "Cesta k adresáři obsahujícímu soubory se zástupnými procedurami vlastních typů",
    "settings.python.analysis.supportAllPythonDocuments.description": "Umožňuje povolit nebo zakázat podporu pro všechny dokumenty Python. To povoluje Pylance IntelliSense v dalších dokumentech, jako je zobrazení terminálu nebo zobrazení rozdílů. \r\n\r\n[Experimentální]. Jen pro interní použití. Může dojít k tomu, že Pylance přestane fungovat.",
    "settings.python.analysis.supportDocstringTemplate.description": "Povolit nebo zakázat generování řetězců reStructuredText docstring. Šablony se zobrazí po zadání otevíracích trojitých uvozovek nebo pomocí akce kódu uvnitř prázdných řetězců docstring.",
    "settings.python.analysis.supportRestructuredText.description": "Umožňuje povolit nebo zakázat podporu pro reStructuredText v docstrings.",
    "settings.python.analysis.typeEvaluation.analyzeUnannotatedFunctions.description": "Analyzovat a hlásit chyby u funkcí a metod, které nemají typové anotace pro vstupní parametry nebo návratové typy. Výchozí hodnota pro toto nastavení je true.",
    "settings.python.analysis.typeEvaluation.deprecateTypingAliases.description": "[PEP 585](https://peps.python.org/pep-0585) uvádí, že aliasy k typům ve standardních kolekcích, které byly zavedeny pouze pro podporu generik, jsou od verze Python 3.9 zastaralé. Tento přepínač určuje, zda se s nimi bude zacházet jako s zastaralými. To platí pouze v případě, že pythonVersion je 3.9 nebo novější. Výchozí hodnota pro toto nastavení je false, ale v budoucnu být změněna na true.",
    "settings.python.analysis.typeEvaluation.disableBytesTypePromotions.description": "Zakáže starší chování, kdy jsou `bytearray` a `memoryview` považovány za podtypy `bytes`. [PEP 688](https://peps.python.org/pep-0688/#no-special-meaning-for-bytes) toto chování vyřazuje, ale tento přepínač slouží k obnovení staršího chování. Výchozí hodnota pro toto nastavení je false.",
    "settings.python.analysis.typeEvaluation.enableExperimentalFeatures.description": "Povolí sadu experimentálních (většinou nezdokumentovaných) funkcí, které odpovídají navrhovaným nebo průzkumným změnám standardu psaní v jazyce Python. Tyto funkce se pravděpodobně změní nebo budou odstraněny, proto by se neměly používat jinak než pro experimentální účely. Výchozí hodnota pro toto nastavení je `false`.",
    "settings.python.analysis.typeEvaluation.enableReachabilityAnalysis.description": "Pokud je tato možnost povolena, kód, který je analýzou typů určen jako nedosažitelný, je hlášen pomocí označené nápovědy. Toto nastavení nemá vliv na kód, který je určen jako nedosažitelný bez ohledu na analýzu typů; takový kód je vždy hlášen jako nedosažitelný. Toto nastavení nemá žádný vliv ani při použití verze pyright příkazového řádku, protože nikdy nevygeneruje označené pomocné parametry pro nedosažitelný kód.",
    "settings.python.analysis.typeEvaluation.enableTypeIgnoreComments.description": "[PEP 484](https://peps.python.org/pep-0484) definuje podporu pro komentáře `# type: ignore`. Tento přepínač povolí nebo zakáže podporu těchto komentářů. Výchozí hodnota pro toto nastavení je true. To nemá vliv na komentáře `# pyright: ignore`.",
    "settings.python.analysis.typeEvaluation.strictDictionaryInference.description": "Při odvozování typu klíčů a hodnot slovníku použijte striktní předpoklady typu. Například výraz \r\n\r\n```python\r\n{'a': 1, 'b': 'a'}\r\n```\r\n je možné odvodit jako typ dict[str, Any] nebo dict[str, int | str]. Pokud je toto nastavení true, použije se druhý (přísnější) typ. Výchozí hodnota pro toto nastavení je false.",
    "settings.python.analysis.typeEvaluation.strictListInference.description": "Při odvozování typu list použijte striktní předpoklady typu. Například výraz \r\n\r\n```python\r\n[1, 'a', 3.4]\r\n```\r\n je možné odvodit jako typ `list[Any]` nebo `list[int | str | float]`. Pokud je toto nastavení true, použije se druhý (přísnější) typ. Výchozí hodnota pro toto nastavení je `false`.",
    "settings.python.analysis.typeEvaluation.strictParameterNoneValue.description": "[PEP 484](https://peps.python.org/pep-0484) uvádí, že pokud je parametru funkce přiřazena výchozí hodnota None, měl by být jeho typ implicitně Optional, i když to není explicitní typ. Pokud je toto pravidlo povoleno, vyžaduje, aby poznámky typu parametru v tomto případě explicitně používaly Optional. Výchozí hodnota pro toto nastavení je `true`.",
    "settings.python.analysis.typeEvaluation.strictSetInference.description": "When inferring the type of a set, use strict type assumptions. For example, the expression \r\n\r\n```python\r\n{1, 'a', 3.4}\r\n```\r\n could be inferred to be of type `set[Any]` or `set[int | str | float]`. If this setting is true, it will use the latter (stricter) type. The default value for this setting is `false`.",
    "settings.python.analysis.typeServerArguments.description": "Argumenty, které se mají předat serveru typů. Jen pro interní použití. Může dojít k tomu, že Pylance přestane fungovat.",
    "settings.python.analysis.typeServerExecutable.description": "Cesta k vlastnímu serveru typů. Jen pro interní použití. Může dojít k tomu, že Pylance přestane fungovat.",
    "settings.python.analysis.typecheckingMode.description": "Definuje výchozí sadu pravidel pro kontrolu typů.",
    "settings.python.analysis.typeshedPaths.description": "Cesty k vyhledání modulů typeshed.",
    "settings.python.analysis.useLibraryCodeForTypes.description": "Pomocí implementací knihovny můžete extrahovat informace o typu, pokud není k dispozici zástupná procedura typu.",
    "settings.python.analysis.usePullDiagnostics.description": "Povolit nebo zakázat podporu pro získávání diagnostiky z Pylance (místo aby ji Pylance odesílal). \r\n\r\n[Experimentální], může způsobit, že se diagnostika nezobrazí.",
    "settings.python.analysis.userFileIndexingLimit.description": "Maximální počet uživatelských souborů, které se mají indexovat v pracovním prostoru. Indexování souborů je úloha náročná na výkon. Pomocí tohoto nastavení můžete omezit počet souborů, které chcete indexovat. Pokud zadáte -1, budeme indexovat všechny soubory.",
    "settings.typecheckingMode.basic.description": "Všechna pravidla z pravidel kontroly typů off + basic.",
    "settings.typecheckingMode.compare.description": "Režimy kontroly typů Basic, Standard a Strict:\r\n\r\n| Funkce                                   | Basic | Standard | Strict |\r\n|------------------------------------------|:-----:|:--------:|:------:|\r\n| Neshoda typu proměnné                 |   ✅   |    ✅     |   ✅   |\r\n| Kontroly návratového typu funkce              |   ✅   |    ✅     |   ✅   |\r\n| Vynucování zužování typů               |       |    ✅     |   ✅   |\r\n| Kontrola typu `Any`                   |       |    ✅     |   ✅   |\r\n| Kontroly privátního/chráněného přístupu          |       |    ✅     |   ✅   |\r\n| Vynucuje přísnější použití obecných typů         |       |    ✅     |   ✅   |\r\n| Sestavy s chybějícími poznámkami typu         |       |          |   ✅   |\r\n| Zakáže použití typu `Any`               |       |          |   ✅   |\r\n| Vyžaduje striktní kompatibilitu typů       |       |          |   ✅   |\r\n| Vynucuje úplné pokrytí typů          |       |          |   ✅   |\r\n\r\nDalší podrobnosti najdete tady: [Pyright documentation](https://microsoft.github.io/pyright/#/configuration?id=type-check-diagnostics-settings).",
    "settings.typecheckingMode.off.description": "Zobrazte diagnostiku pro neplatnou syntaxi, nerozpoznané importy, nedefinované proměnné.",
    "settings.typecheckingMode.standard.description": "Všechna pravidla z pravidel kontroly typů basic + standard.",
    "settings.typecheckingMode.strict.description": "Všechna pravidla z pravidel kontroly typů standard + strict."
}
